rf_ohm,delta_theta_graus,offset_km
0.01,-60.0,0.012874525150864465
0.6507692307692308,-60.0,0.8378344828947181
1.2915384615384615,-60.0,1.6627944406385717
1.9323076923076923,-60.0,2.4877543983824255
2.573076923076923,-60.0,3.312714356126279
3.213846153846154,-60.0,4.137674313870133
3.8546153846153843,-60.0,4.962634271613987
4.495384615384615,-60.0,5.78759422935784
5.136153846153846,-60.0,6.6125541871016935
5.776923076923077,-60.0,7.437514144845548
6.417692307692308,-60.0,8.262474102589403
7.058461538461538,-60.0,9.087434060333255
7.699230769230769,-60.0,9.912394018077109
8.34,-60.0,10.737353975820962
8.98076923076923,-60.0,11.562313933564816
9.621538461538462,-60.0,12.38727389130867
10.262307692307692,-60.0,13.212233849052524
10.903076923076922,-60.0,14.037193806796376
11.543846153846154,-60.0,14.862153764540231
12.184615384615384,-60.0,15.687113722284085
12.825384615384616,-60.0,16.51207368002794
13.466153846153846,-60.0,17.337033637771793
14.106923076923076,-60.0,18.161993595515646
14.747692307692308,-60.0,18.9869535532595
15.388461538461538,-60.0,19.811913511003354
16.02923076923077,-60.0,20.63687346874721
16.67,-60.0,21.461833426491065
17.310769230769232,-60.0,22.286793384234915
17.951538461538462,-60.0,23.11175334197877
18.592307692307692,-60.0,23.936713299722623
19.233076923076926,-60.0,24.76167325746648
19.873846153846156,-60.0,25.586633215210334
20.514615384615386,-60.0,26.411593172954188
21.155384615384616,-60.0,27.23655313069804
21.796153846153846,-60.0,28.061513088441888
22.43692307692308,-60.0,28.88647304618575
23.07769230769231,-60.0,29.711433003929603
23.71846153846154,-60.0,30.536392961673457
24.35923076923077,-60.0,31.36135291941731
25.0,-60.0,32.186312877161164
0.01,-56.92307692307692,0.012126301162683092
0.6507692307692308,-56.92307692307692,0.7891423679715304
1.2915384615384615,-56.92307692307692,1.5661584347803776
1.9323076923076923,-56.92307692307692,2.343174501589225
2.573076923076923,-56.92307692307692,3.120190568398072
3.213846153846154,-56.92307692307692,3.8972066352069197
3.8546153846153843,-56.92307692307692,4.674222702015767
4.495384615384615,-56.92307692307692,5.451238768824614
5.136153846153846,-56.92307692307692,6.228254835633461
5.776923076923077,-56.92307692307692,7.005270902442309
6.417692307692308,-56.92307692307692,7.782286969251156
7.058461538461538,-56.92307692307692,8.559303036060003
7.699230769230769,-56.92307692307692,9.336319102868849
8.34,-56.92307692307692,10.113335169677699
8.98076923076923,-56.92307692307692,10.890351236486543
9.621538461538462,-56.92307692307692,11.667367303295393
10.262307692307692,-56.92307692307692,12.444383370104239
10.903076923076922,-56.92307692307692,13.221399436913085
11.543846153846154,-56.92307692307692,13.998415503721935
12.184615384615384,-56.92307692307692,14.775431570530783
12.825384615384616,-56.92307692307692,15.552447637339629
13.466153846153846,-56.92307692307692,16.329463704148477
14.106923076923076,-56.92307692307692,17.106479770957325
14.747692307692308,-56.92307692307692,17.88349583776617
15.388461538461538,-56.92307692307692,18.660511904575017
16.02923076923077,-56.92307692307692,19.43752797138387
16.67,-56.92307692307692,20.214544038192713
17.310769230769232,-56.92307692307692,20.99156010500156
17.951538461538462,-56.92307692307692,21.76857617181041
18.592307692307692,-56.92307692307692,22.545592238619253
19.233076923076926,-56.92307692307692,23.322608305428105
19.873846153846156,-56.92307692307692,24.099624372236953
20.514615384615386,-56.92307692307692,24.876640439045797
21.155384615384616,-56.92307692307692,25.653656505854645
21.796153846153846,-56.92307692307692,26.43067257266349
22.43692307692308,-56.92307692307692,27.20768863947234
23.07769230769231,-56.92307692307692,27.98470470628119
23.71846153846154,-56.92307692307692,28.761720773090037
24.35923076923077,-56.92307692307692,29.53873683989888
25.0,-56.92307692307692,30.31575290670773
0.01,-53.84615384615385,0.011392845038237046
0.6507692307692308,-53.84615384615385,0.7414113001806569
1.2915384615384615,-53.84615384615385,1.4714297553230768
1.9323076923076923,-53.84615384615385,2.201448210465497
2.573076923076923,-53.84615384615385,2.9314666656079162
3.213846153846154,-53.84615384615385,3.6614851207503363
3.8546153846153843,-53.84615384615385,4.391503575892757
4.495384615384615,-53.84615384615385,5.121522031035176
5.136153846153846,-53.84615384615385,5.851540486177596
5.776923076923077,-53.84615384615385,6.581558941320016
6.417692307692308,-53.84615384615385,7.311577396462437
7.058461538461538,-53.84615384615385,8.041595851604855
7.699230769230769,-53.84615384615385,8.771614306747276
8.34,-53.84615384615385,9.501632761889695
8.98076923076923,-53.84615384615385,10.231651217032114
9.621538461538462,-53.84615384615385,10.961669672174537
10.262307692307692,-53.84615384615385,11.691688127316954
10.903076923076922,-53.84615384615385,12.421706582459375
11.543846153846154,-53.84615384615385,13.151725037601794
12.184615384615384,-53.84615384615385,13.881743492744214
12.825384615384616,-53.84615384615385,14.611761947886635
13.466153846153846,-53.84615384615385,15.341780403029055
14.106923076923076,-53.84615384615385,16.071798858171473
14.747692307692308,-53.84615384615385,16.801817313313897
15.388461538461538,-53.84615384615385,17.531835768456315
16.02923076923077,-53.84615384615385,18.26185422359874
16.67,-53.84615384615385,18.991872678741156
17.310769230769232,-53.84615384615385,19.721891133883574
17.951538461538462,-53.84615384615385,20.451909589025995
18.592307692307692,-53.84615384615385,21.181928044168412
19.233076923076926,-53.84615384615385,21.911946499310837
19.873846153846156,-53.84615384615385,22.641964954453254
20.514615384615386,-53.84615384615385,23.371983409595675
21.155384615384616,-53.84615384615385,24.102001864738096
21.796153846153846,-53.84615384615385,24.832020319880513
22.43692307692308,-53.84615384615385,25.562038775022938
23.07769230769231,-53.84615384615385,26.292057230165355
23.71846153846154,-53.84615384615385,27.022075685307776
24.35923076923077,-53.84615384615385,27.752094140450197
25.0,-53.84615384615385,28.48211259559261
0.01,-50.76923076923077,0.010673126192693807
0.6507692307692308,-50.76923076923077,0.6945742122322277
1.2915384615384615,-50.76923076923077,1.3784752982717616
1.9323076923076923,-50.76923076923077,2.062376384311295
2.573076923076923,-50.76923076923077,2.746277470350829
3.213846153846154,-50.76923076923077,3.4301785563903637
3.8546153846153843,-50.76923076923077,4.114079642429897
4.495384615384615,-50.76923076923077,4.7979807284694305
5.136153846153846,-50.76923076923077,5.481881814508965
5.776923076923077,-50.76923076923077,6.165782900548499
6.417692307692308,-50.76923076923077,6.849683986588032
7.058461538461538,-50.76923076923077,7.533585072627567
7.699230769230769,-50.76923076923077,8.2174861586671
8.34,-50.76923076923077,8.901387244706633
8.98076923076923,-50.76923076923077,9.585288330746167
9.621538461538462,-50.76923076923077,10.269189416785704
10.262307692307692,-50.76923076923077,10.953090502825237
10.903076923076922,-50.76923076923077,11.636991588864769
11.543846153846154,-50.76923076923077,12.320892674904304
12.184615384615384,-50.76923076923077,13.004793760943837
12.825384615384616,-50.76923076923077,13.688694846983372
13.466153846153846,-50.76923076923077,14.372595933022906
14.106923076923076,-50.76923076923077,15.056497019062439
14.747692307692308,-50.76923076923077,15.740398105101972
15.388461538461538,-50.76923076923077,16.424299191141507
16.02923076923077,-50.76923076923077,17.108200277181044
16.67,-50.76923076923077,17.792101363220578
17.310769230769232,-50.76923076923077,18.47600244926011
17.951538461538462,-50.76923076923077,19.159903535299645
18.592307692307692,-50.76923076923077,19.843804621339174
19.233076923076926,-50.76923076923077,20.52770570737871
19.873846153846156,-50.76923076923077,21.211606793418245
20.514615384615386,-50.76923076923077,21.89550787945778
21.155384615384616,-50.76923076923077,22.579408965497315
21.796153846153846,-50.76923076923077,23.26331005153685
22.43692307692308,-50.76923076923077,23.947211137576385
23.07769230769231,-50.76923076923077,24.63111222361592
23.71846153846154,-50.76923076923077,25.31501330965545
24.35923076923077,-50.76923076923077,25.99891439569498
25.0,-50.76923076923077,26.682815481734515
0.01,-47.69230769230769,0.009966150167577964
0.6507692307692308,-47.69230769230769,0.6485663878285353
1.2915384615384615,-47.69230769230769,1.2871666254894925
1.9323076923076923,-47.69230769230769,1.9257668631504494
2.573076923076923,-47.69230769230769,2.5643671008114066
3.213846153846154,-47.69230769230769,3.202967338472364
3.8546153846153843,-47.69230769230769,3.8415675761333214
4.495384615384615,-47.69230769230769,4.480167813794278
5.136153846153846,-47.69230769230769,5.118768051455236
5.776923076923077,-47.69230769230769,5.757368289116193
6.417692307692308,-47.69230769230769,6.395968526777151
7.058461538461538,-47.69230769230769,7.034568764438107
7.699230769230769,-47.69230769230769,7.6731690020990655
8.34,-47.69230769230769,8.311769239760022
8.98076923076923,-47.69230769230769,8.950369477420978
9.621538461538462,-47.69230769230769,9.588969715081937
10.262307692307692,-47.69230769230769,10.227569952742893
10.903076923076922,-47.69230769230769,10.86617019040385
11.543846153846154,-47.69230769230769,11.504770428064809
12.184615384615384,-47.69230769230769,12.143370665725765
12.825384615384616,-47.69230769230769,12.781970903386725
13.466153846153846,-47.69230769230769,13.42057114104768
14.106923076923076,-47.69230769230769,14.059171378708637
14.747692307692308,-47.69230769230769,14.697771616369595
15.388461538461538,-47.69230769230769,15.336371854030551
16.02923076923077,-47.69230769230769,15.974972091691512
16.67,-47.69230769230769,16.61357232935247
17.310769230769232,-47.69230769230769,17.252172567013424
17.951538461538462,-47.69230769230769,17.89077280467438
18.592307692307692,-47.69230769230769,18.529373042335337
19.233076923076926,-47.69230769230769,19.167973279996296
19.873846153846156,-47.69230769230769,19.806573517657256
20.514615384615386,-47.69230769230769,20.445173755318212
21.155384615384616,-47.69230769230769,21.083773992979168
21.796153846153846,-47.69230769230769,21.722374230640124
22.43692307692308,-47.69230769230769,22.360974468301084
23.07769230769231,-47.69230769230769,22.99957470596204
23.71846153846154,-47.69230769230769,23.638174943622996
24.35923076923077,-47.69230769230769,24.276775181283956
25.0,-47.69230769230769,24.91537541894491
0.01,-44.61538461538461,0.009270957906945617
0.6507692307692308,-44.61538461538461,0.6033254145596917
1.2915384615384615,-44.61538461538461,1.1973798712124377
1.9323076923076923,-44.61538461538461,1.7914343278651839
2.573076923076923,-44.61538461538461,2.38548878451793
3.213846153846154,-44.61538461538461,2.979543241170676
3.8546153846153843,-44.61538461538461,3.5735976978234216
4.495384615384615,-44.61538461538461,4.167652154476167
5.136153846153846,-44.61538461538461,4.761706611128914
5.776923076923077,-44.61538461538461,5.3557610677816605
6.417692307692308,-44.61538461538461,5.949815524434406
7.058461538461538,-44.61538461538461,6.543869981087153
7.699230769230769,-44.61538461538461,7.1379244377398985
8.34,-44.61538461538461,7.731978894392645
8.98076923076923,-44.61538461538461,8.32603335104539
9.621538461538462,-44.61538461538461,8.920087807698136
10.262307692307692,-44.61538461538461,9.514142264350884
10.903076923076922,-44.61538461538461,10.108196721003628
11.543846153846154,-44.61538461538461,10.702251177656375
12.184615384615384,-44.61538461538461,11.296305634309121
12.825384615384616,-44.61538461538461,11.890360090961869
13.466153846153846,-44.61538461538461,12.484414547614614
14.106923076923076,-44.61538461538461,13.078469004267358
14.747692307692308,-44.61538461538461,13.672523460920107
15.388461538461538,-44.61538461538461,14.266577917572851
16.02923076923077,-44.61538461538461,14.8606323742256
16.67,-44.61538461538461,15.454686830878344
17.310769230769232,-44.61538461538461,16.04874128753109
17.951538461538462,-44.61538461538461,16.642795744183836
18.592307692307692,-44.61538461538461,17.23685020083658
19.233076923076926,-44.61538461538461,17.83090465748933
19.873846153846156,-44.61538461538461,18.424959114142077
20.514615384615386,-44.61538461538461,19.019013570794822
21.155384615384616,-44.61538461538461,19.613068027447568
21.796153846153846,-44.61538461538461,20.207122484100314
22.43692307692308,-44.61538461538461,20.80117694075306
23.07769230769231,-44.61538461538461,21.395231397405805
23.71846153846154,-44.61538461538461,21.989285854058554
24.35923076923077,-44.61538461538461,22.5833403107113
25.0,-44.61538461538461,23.177394767364042
0.01,-41.53846153846153,0.00858662450424117
0.6507692307692308,-41.53846153846153,0.5587911023529254
1.2915384615384615,-41.53846153846153,1.1089955802016098
1.9323076923076923,-41.53846153846153,1.6592000580502941
2.573076923076923,-41.53846153846153,2.2094045358989782
3.213846153846154,-41.53846153846153,2.7596090137476628
3.8546153846153843,-41.53846153846153,3.3098134915963464
4.495384615384615,-41.53846153846153,3.860017969445031
5.136153846153846,-41.53846153846153,4.410222447293715
5.776923076923077,-41.53846153846153,4.9604269251424
6.417692307692308,-41.53846153846153,5.510631402991084
7.058461538461538,-41.53846153846153,6.060835880839768
7.699230769230769,-41.53846153846153,6.611040358688452
8.34,-41.53846153846153,7.161244836537137
8.98076923076923,-41.53846153846153,7.7114493143858205
9.621538461538462,-41.53846153846153,8.261653792234506
10.262307692307692,-41.53846153846153,8.811858270083189
10.903076923076922,-41.53846153846153,9.362062747931873
11.543846153846154,-41.53846153846153,9.912267225780559
12.184615384615384,-41.53846153846153,10.462471703629243
12.825384615384616,-41.53846153846153,11.012676181477929
13.466153846153846,-41.53846153846153,11.562880659326611
14.106923076923076,-41.53846153846153,12.113085137175295
14.747692307692308,-41.53846153846153,12.66328961502398
15.388461538461538,-41.53846153846153,13.213494092872663
16.02923076923077,-41.53846153846153,13.76369857072135
16.67,-41.53846153846153,14.313903048570035
17.310769230769232,-41.53846153846153,14.864107526418717
17.951538461538462,-41.53846153846153,15.414312004267403
18.592307692307692,-41.53846153846153,15.964516482116084
19.233076923076926,-41.53846153846153,16.514720959964773
19.873846153846156,-41.53846153846153,17.064925437813457
20.514615384615386,-41.53846153846153,17.61512991566214
21.155384615384616,-41.53846153846153,18.165334393510825
21.796153846153846,-41.53846153846153,18.715538871359506
22.43692307692308,-41.53846153846153,19.265743349208194
23.07769230769231,-41.53846153846153,19.815947827056878
23.71846153846154,-41.53846153846153,20.36615230490556
24.35923076923077,-41.53846153846153,20.916356782754246
25.0,-41.53846153846153,21.46656126060293
0.01,-38.46153846153846,0.007912257568418967
0.6507692307692308,-38.46153846153846,0.5149053771448036
1.2915384615384615,-38.46153846153846,1.0218984967211882
1.9323076923076923,-38.46153846153846,1.5288916162975728
2.573076923076923,-38.46153846153846,2.035884735873957
3.213846153846154,-38.46153846153846,2.542877855450342
3.8546153846153843,-38.46153846153846,3.0498709750267263
4.495384615384615,-38.46153846153846,3.5568640946031107
5.136153846153846,-38.46153846153846,4.063857214179496
5.776923076923077,-38.46153846153846,4.57085033375588
6.417692307692308,-38.46153846153846,5.077843453332265
7.058461538461538,-38.46153846153846,5.5848365729086495
7.699230769230769,-38.46153846153846,6.0918296924850335
8.34,-38.46153846153846,6.598822812061418
8.98076923076923,-38.46153846153846,7.105815931637803
9.621538461538462,-38.46153846153846,7.612809051214188
10.262307692307692,-38.46153846153846,8.119802170790571
10.903076923076922,-38.46153846153846,8.626795290366957
11.543846153846154,-38.46153846153846,9.133788409943342
12.184615384615384,-38.46153846153846,9.640781529519725
12.825384615384616,-38.46153846153846,10.147774649096112
13.466153846153846,-38.46153846153846,10.654767768672496
14.106923076923076,-38.46153846153846,11.161760888248878
14.747692307692308,-38.46153846153846,11.668754007825266
15.388461538461538,-38.46153846153846,12.17574712740165
16.02923076923077,-38.46153846153846,12.682740246978035
16.67,-38.46153846153846,13.189733366554421
17.310769230769232,-38.46153846153846,13.696726486130805
17.951538461538462,-38.46153846153846,14.203719605707189
18.592307692307692,-38.46153846153846,14.710712725283571
19.233076923076926,-38.46153846153846,15.217705844859958
19.873846153846156,-38.46153846153846,15.724698964436344
20.514615384615386,-38.46153846153846,16.231692084012725
21.155384615384616,-38.46153846153846,16.73868520358911
21.796153846153846,-38.46153846153846,17.245678323165496
22.43692307692308,-38.46153846153846,17.75267144274188
23.07769230769231,-38.46153846153846,18.259664562318267
23.71846153846154,-38.46153846153846,18.766657681894653
24.35923076923077,-38.46153846153846,19.273650801471035
25.0,-38.46153846153846,19.780643921047417
0.01,-35.38461538461539,0.007246995321893789
0.6507692307692308,-35.38461538461539,0.47161215710170357
1.2915384615384615,-35.38461538461539,0.9359773188815133
1.9323076923076923,-35.38461538461539,1.400342480661323
2.573076923076923,-35.38461538461539,1.8647076424411326
3.213846153846154,-35.38461538461539,2.3290728042209428
3.8546153846153843,-35.38461538461539,2.7934379660007522
4.495384615384615,-35.38461538461539,3.2578031277805617
5.136153846153846,-35.38461538461539,3.7221682895603716
5.776923076923077,-35.38461538461539,4.186533451340182
6.417692307692308,-35.38461538461539,4.650898613119992
7.058461538461538,-35.38461538461539,5.115263774899801
7.699230769230769,-35.38461538461539,5.579628936679611
8.34,-35.38461538461539,6.043994098459421
8.98076923076923,-35.38461538461539,6.50835926023923
9.621538461538462,-35.38461538461539,6.97272442201904
10.262307692307692,-35.38461538461539,7.4370895837988495
10.903076923076922,-35.38461538461539,7.9014547455786595
11.543846153846154,-35.38461538461539,8.36581990735847
12.184615384615384,-35.38461538461539,8.83018506913828
12.825384615384616,-35.38461538461539,9.29455023091809
13.466153846153846,-35.38461538461539,9.758915392697897
14.106923076923076,-35.38461538461539,10.223280554477707
14.747692307692308,-35.38461538461539,10.687645716257517
15.388461538461538,-35.38461538461539,11.152010878037327
16.02923076923077,-35.38461538461539,11.616376039817139
16.67,-35.38461538461539,12.080741201596949
17.310769230769232,-35.38461538461539,12.545106363376757
17.951538461538462,-35.38461538461539,13.009471525156567
18.592307692307692,-35.38461538461539,13.473836686936377
19.233076923076926,-35.38461538461539,13.938201848716188
19.873846153846156,-35.38461538461539,14.402567010495996
20.514615384615386,-35.38461538461539,14.866932172275806
21.155384615384616,-35.38461538461539,15.331297334055616
21.796153846153846,-35.38461538461539,15.795662495835426
22.43692307692308,-35.38461538461539,16.260027657615236
23.07769230769231,-35.38461538461539,16.724392819395046
23.71846153846154,-35.38461538461539,17.188757981174856
24.35923076923077,-35.38461538461539,17.653123142954666
25.0,-35.38461538461539,18.117488304734472
0.01,-32.30769230769231,0.006590004515053722
0.6507692307692308,-32.30769230769231,0.42885721690272677
1.2915384615384615,-32.30769230769231,0.8511244292903999
1.9323076923076923,-32.30769230769231,1.2733916416780728
2.573076923076923,-32.30769230769231,1.6956588540657458
3.213846153846154,-32.30769230769231,2.117926066453419
3.8546153846153843,-32.30769230769231,2.540193278841092
4.495384615384615,-32.30769230769231,2.962460491228765
5.136153846153846,-32.30769230769231,3.384727703616438
5.776923076923077,-32.30769230769231,3.806994916004111
6.417692307692308,-32.30769230769231,4.229262128391785
7.058461538461538,-32.30769230769231,4.651529340779457
7.699230769230769,-32.30769230769231,5.0737965531671305
8.34,-32.30769230769231,5.496063765554803
8.98076923076923,-32.30769230769231,5.918330977942476
9.621538461538462,-32.30769230769231,6.340598190330149
10.262307692307692,-32.30769230769231,6.762865402717821
10.903076923076922,-32.30769230769231,7.185132615105494
11.543846153846154,-32.30769230769231,7.607399827493168
12.184615384615384,-32.30769230769231,8.029667039880842
12.825384615384616,-32.30769230769231,8.451934252268515
13.466153846153846,-32.30769230769231,8.874201464656187
14.106923076923076,-32.30769230769231,9.29646867704386
14.747692307692308,-32.30769230769231,9.718735889431533
15.388461538461538,-32.30769230769231,10.141003101819207
16.02923076923077,-32.30769230769231,10.563270314206882
16.67,-32.30769230769231,10.985537526594555
17.310769230769232,-32.30769230769231,11.407804738982227
17.951538461538462,-32.30769230769231,11.8300719513699
18.592307692307692,-32.30769230769231,12.252339163757572
19.233076923076926,-32.30769230769231,12.674606376145247
19.873846153846156,-32.30769230769231,13.096873588532919
20.514615384615386,-32.30769230769231,13.519140800920592
21.155384615384616,-32.30769230769231,13.941408013308266
21.796153846153846,-32.30769230769231,14.363675225695937
22.43692307692308,-32.30769230769231,14.785942438083614
23.07769230769231,-32.30769230769231,15.208209650471284
23.71846153846154,-32.30769230769231,15.63047686285896
24.35923076923077,-32.30769230769231,16.05274407524663
25.0,-32.30769230769231,16.475011287634302
0.01,-29.23076923076923,0.005940478220555683
0.6507692307692308,-29.23076923076923,0.38658804419923903
1.2915384615384615,-29.23076923076923,0.7672356101779224
1.9323076923076923,-29.23076923076923,1.147883176156606
2.573076923076923,-29.23076923076923,1.528530742135289
3.213846153846154,-29.23076923076923,1.9091783081139724
3.8546153846153843,-29.23076923076923,2.2898258740926556
4.495384615384615,-29.23076923076923,2.670473440071339
5.136153846153846,-29.23076923076923,3.0511210060500225
5.776923076923077,-29.23076923076923,3.431768572028706
6.417692307692308,-29.23076923076923,3.8124161380073893
7.058461538461538,-29.23076923076923,4.1930637039860725
7.699230769230769,-29.23076923076923,4.573711269964756
8.34,-29.23076923076923,4.954358835943439
8.98076923076923,-29.23076923076923,5.335006401922122
9.621538461538462,-29.23076923076923,5.715653967900806
10.262307692307692,-29.23076923076923,6.0963015338794895
10.903076923076922,-29.23076923076923,6.476949099858173
11.543846153846154,-29.23076923076923,6.857596665836856
12.184615384615384,-29.23076923076923,7.23824423181554
12.825384615384616,-29.23076923076923,7.618891797794224
13.466153846153846,-29.23076923076923,7.999539363772906
14.106923076923076,-29.23076923076923,8.38018692975159
14.747692307692308,-29.23076923076923,8.760834495730272
15.388461538461538,-29.23076923076923,9.141482061708956
16.02923076923077,-29.23076923076923,9.52212962768764
16.67,-29.23076923076923,9.902777193666324
17.310769230769232,-29.23076923076923,10.283424759645007
17.951538461538462,-29.23076923076923,10.66407232562369
18.592307692307692,-29.23076923076923,11.044719891602375
19.233076923076926,-29.23076923076923,11.425367457581057
19.873846153846156,-29.23076923076923,11.806015023559741
20.514615384615386,-29.23076923076923,12.186662589538425
21.155384615384616,-29.23076923076923,12.567310155517108
21.796153846153846,-29.23076923076923,12.94795772149579
22.43692307692308,-29.23076923076923,13.328605287474476
23.07769230769231,-29.23076923076923,13.709252853453158
23.71846153846154,-29.23076923076923,14.089900419431842
24.35923076923077,-29.23076923076923,14.470547985410526
25.0,-29.23076923076923,14.851195551389207
0.01,-26.153846153846153,0.005297633553991753
0.6507692307692308,-26.153846153846153,0.3447536912828479
1.2915384615384615,-26.153846153846153,0.6842097490117041
1.9323076923076923,-26.153846153846153,1.0236658067405602
2.573076923076923,-26.153846153846153,1.363121864469416
3.213846153846154,-26.153846153846153,1.7025779221982726
3.8546153846153843,-26.153846153846153,2.0420339799271288
4.495384615384615,-26.153846153846153,2.3814900376559844
5.136153846153846,-26.153846153846153,2.720946095384841
5.776923076923077,-26.153846153846153,3.060402153113697
6.417692307692308,-26.153846153846153,3.3998582108425537
7.058461538461538,-26.153846153846153,3.7393142685714094
7.699230769230769,-26.153846153846153,4.0787703263002655
8.34,-26.153846153846153,4.418226384029121
8.98076923076923,-26.153846153846153,4.757682441757978
9.621538461538462,-26.153846153846153,5.097138499486834
10.262307692307692,-26.153846153846153,5.43659455721569
10.903076923076922,-26.153846153846153,5.7760506149445465
11.543846153846154,-26.153846153846153,6.115506672673402
12.184615384615384,-26.153846153846153,6.454962730402259
12.825384615384616,-26.153846153846153,6.794418788131114
13.466153846153846,-26.153846153846153,7.133874845859972
14.106923076923076,-26.153846153846153,7.473330903588827
14.747692307692308,-26.153846153846153,7.812786961317684
15.388461538461538,-26.153846153846153,8.152243019046539
16.02923076923077,-26.153846153846153,8.491699076775397
16.67,-26.153846153846153,8.831155134504254
17.310769230769232,-26.153846153846153,9.170611192233109
17.951538461538462,-26.153846153846153,9.510067249961963
18.592307692307692,-26.153846153846153,9.849523307690822
19.233076923076926,-26.153846153846153,10.188979365419678
19.873846153846156,-26.153846153846153,10.528435423148533
20.514615384615386,-26.153846153846153,10.86789148087739
21.155384615384616,-26.153846153846153,11.207347538606246
21.796153846153846,-26.153846153846153,11.546803596335101
22.43692307692308,-26.153846153846153,11.88625965406396
23.07769230769231,-26.153846153846153,12.225715711792814
23.71846153846154,-26.153846153846153,12.56517176952167
24.35923076923077,-26.153846153846153,12.904627827250525
25.0,-26.153846153846153,13.244083884979382
0.01,-23.076923076923073,0.004660709354658479
0.6507692307692308,-23.076923076923073,0.3033046241570056
1.2915384615384615,-23.076923076923073,0.6019485389593526
1.9323076923076923,-23.076923076923073,0.9005924537616998
2.573076923076923,-23.076923076923073,1.1992363685640468
3.213846153846154,-23.076923076923073,1.497880283366394
3.8546153846153843,-23.076923076923073,1.7965241981687412
4.495384615384615,-23.076923076923073,2.095168112971088
5.136153846153846,-23.076923076923073,2.3938120277734356
5.776923076923077,-23.076923076923073,2.6924559425757826
6.417692307692308,-23.076923076923073,2.9910998573781296
7.058461538461538,-23.076923076923073,3.2897437721804765
7.699230769230769,-23.076923076923073,3.5883876869828235
8.34,-23.076923076923073,3.8870316017851714
8.98076923076923,-23.076923076923073,4.1856755165875175
9.621538461538462,-23.076923076923073,4.484319431389865
10.262307692307692,-23.076923076923073,4.782963346192212
10.903076923076922,-23.076923076923073,5.081607260994559
11.543846153846154,-23.076923076923073,5.380251175796907
12.184615384615384,-23.076923076923073,5.678895090599253
12.825384615384616,-23.076923076923073,5.977539005401601
13.466153846153846,-23.076923076923073,6.276182920203948
14.106923076923076,-23.076923076923073,6.574826835006295
14.747692307692308,-23.076923076923073,6.873470749808643
15.388461538461538,-23.076923076923073,7.17211466461099
16.02923076923077,-23.076923076923073,7.470758579413339
16.67,-23.076923076923073,7.769402494215684
17.310769230769232,-23.076923076923073,8.06804640901803
17.951538461538462,-23.076923076923073,8.366690323820379
18.592307692307692,-23.076923076923073,8.665334238622725
19.233076923076926,-23.076923076923073,8.963978153425074
19.873846153846156,-23.076923076923073,9.262622068227419
20.514615384615386,-23.076923076923073,9.561265983029767
21.155384615384616,-23.076923076923073,9.859909897832114
21.796153846153846,-23.076923076923073,10.15855381263446
22.43692307692308,-23.076923076923073,10.45719772743681
23.07769230769231,-23.076923076923073,10.755841642239156
23.71846153846154,-23.076923076923073,11.054485557041502
24.35923076923077,-23.076923076923073,11.353129471843848
25.0,-23.076923076923073,11.651773386646196
0.01,-20.0,0.004028963850231176
0.6507692307692308,-20.0,0.2621925705611981
1.2915384615384615,-20.0,0.520356177272165
1.9323076923076923,-20.0,0.7785197839831319
2.573076923076923,-20.0,1.0366833906940989
3.213846153846154,-20.0,1.2948469974050658
3.8546153846153843,-20.0,1.5530106041160325
4.495384615384615,-20.0,1.8111742108269993
5.136153846153846,-20.0,2.0693378175379666
5.776923076923077,-20.0,2.3275014242489336
6.417692307692308,-20.0,2.5856650309599005
7.058461538461538,-20.0,2.8438286376708675
7.699230769230769,-20.0,3.101992244381834
8.34,-20.0,3.360155851092802
8.98076923076923,-20.0,3.618319457803768
9.621538461538462,-20.0,3.8764830645147352
10.262307692307692,-20.0,4.134646671225702
10.903076923076922,-20.0,4.392810277936668
11.543846153846154,-20.0,4.6509738846476365
12.184615384615384,-20.0,4.909137491358603
12.825384615384616,-20.0,5.16730109806957
13.466153846153846,-20.0,5.425464704780537
14.106923076923076,-20.0,5.683628311491503
14.747692307692308,-20.0,5.941791918202471
15.388461538461538,-20.0,6.199955524913437
16.02923076923077,-20.0,6.4581191316244055
16.67,-20.0,6.716282738335371
17.310769230769232,-20.0,6.9744463450463385
17.951538461538462,-20.0,7.232609951757305
18.592307692307692,-20.0,7.4907735584682715
19.233076923076926,-20.0,7.74893716517924
19.873846153846156,-20.0,8.007100771890206
20.514615384615386,-20.0,8.265264378601174
21.155384615384616,-20.0,8.52342798531214
21.796153846153846,-20.0,8.781591592023107
22.43692307692308,-20.0,9.039755198734076
23.07769230769231,-20.0,9.297918805445041
23.71846153846154,-20.0,9.556082412156009
24.35923076923077,-20.0,9.814246018866974
25.0,-20.0,10.072409625577942
0.01,-16.92307692307692,0.0034016723214853432
0.6507692307692308,-16.92307692307692,0.2213703679982
1.2915384615384615,-16.92307692307692,0.4393390636749147
1.9323076923076923,-16.92307692307692,0.6573077593516293
2.573076923076923,-16.92307692307692,0.8752764550283441
3.213846153846154,-16.92307692307692,1.093245150705059
3.8546153846153843,-16.92307692307692,1.3112138463817735
4.495384615384615,-16.92307692307692,1.529182542058488
5.136153846153846,-16.92307692307692,1.7471512377352028
5.776923076923077,-16.92307692307692,1.9651199334119176
6.417692307692308,-16.92307692307692,2.1830886290886324
7.058461538461538,-16.92307692307692,2.401057324765347
7.699230769230769,-16.92307692307692,2.6190260204420617
8.34,-16.92307692307692,2.836994716118776
8.98076923076923,-16.92307692307692,3.0549634117954905
9.621538461538462,-16.92307692307692,3.2729321074722058
10.262307692307692,-16.92307692307692,3.49090080314892
10.903076923076922,-16.92307692307692,3.7088694988256345
11.543846153846154,-16.92307692307692,3.92683819450235
12.184615384615384,-16.92307692307692,4.144806890179064
12.825384615384616,-16.92307692307692,4.362775585855779
13.466153846153846,-16.92307692307692,4.5807442815324935
14.106923076923076,-16.92307692307692,4.798712977209208
14.747692307692308,-16.92307692307692,5.016681672885923
15.388461538461538,-16.92307692307692,5.2346503685626375
16.02923076923077,-16.92307692307692,5.452619064239354
16.67,-16.92307692307692,5.670587759916068
17.310769230769232,-16.92307692307692,5.8885564555927825
17.951538461538462,-16.92307692307692,6.106525151269497
18.592307692307692,-16.92307692307692,6.324493846946211
19.233076923076926,-16.92307692307692,6.542462542622927
19.873846153846156,-16.92307692307692,6.760431238299641
20.514615384615386,-16.92307692307692,6.978399933976356
21.155384615384616,-16.92307692307692,7.19636862965307
21.796153846153846,-16.92307692307692,7.414337325329785
22.43692307692308,-16.92307692307692,7.6323060210065
23.07769230769231,-16.92307692307692,7.850274716683216
23.71846153846154,-16.92307692307692,8.06824341235993
24.35923076923077,-16.92307692307692,8.286212108036644
25.0,-16.92307692307692,8.504180803713359
0.01,-13.846153846153847,0.0027781247773124703
0.6507692307692308,-13.846153846153847,0.1807918124312577
1.2915384615384615,-13.846153846153847,0.3588055000852029
1.9323076923076923,-13.846153846153847,0.536819187739148
2.573076923076923,-13.846153846153847,0.7148328753930933
3.213846153846154,-13.846153846153847,0.8928465630470386
3.8546153846153843,-13.846153846153847,1.0708602507009837
4.495384615384615,-13.846153846153847,1.2488739383549288
5.136153846153846,-13.846153846153847,1.4268876260088743
5.776923076923077,-13.846153846153847,1.6049013136628194
6.417692307692308,-13.846153846153847,1.7829150013167647
7.058461538461538,-13.846153846153847,1.9609286889707096
7.699230769230769,-13.846153846153847,2.138942376624655
8.34,-13.846153846153847,2.3169560642786005
8.98076923076923,-13.846153846153847,2.4949697519325453
9.621538461538462,-13.846153846153847,2.672983439586491
10.262307692307692,-13.846153846153847,2.850997127240436
10.903076923076922,-13.846153846153847,3.029010814894381
11.543846153846154,-13.846153846153847,3.207024502548326
12.184615384615384,-13.846153846153847,3.3850381902022715
12.825384615384616,-13.846153846153847,3.563051877856217
13.466153846153846,-13.846153846153847,3.741065565510162
14.106923076923076,-13.846153846153847,3.919079253164107
14.747692307692308,-13.846153846153847,4.097092940818052
15.388461538461538,-13.846153846153847,4.275106628471997
16.02923076923077,-13.846153846153847,4.453120316125943
16.67,-13.846153846153847,4.631134003779889
17.310769230769232,-13.846153846153847,4.809147691433833
17.951538461538462,-13.846153846153847,4.9871613790877785
18.592307692307692,-13.846153846153847,5.165175066741724
19.233076923076926,-13.846153846153847,5.34318875439567
19.873846153846156,-13.846153846153847,5.521202442049615
20.514615384615386,-13.846153846153847,5.69921612970356
21.155384615384616,-13.846153846153847,5.877229817357505
21.796153846153846,-13.846153846153847,6.05524350501145
22.43692307692308,-13.846153846153847,6.233257192665397
23.07769230769231,-13.846153846153847,6.411270880319341
23.71846153846154,-13.846153846153847,6.589284567973286
24.35923076923077,-13.846153846153847,6.767298255627232
25.0,-13.846153846153847,6.945311943281176
0.01,-10.769230769230766,0.002157623645758514
0.6507692307692308,-10.769230769230766,0.14041150802397714
1.2915384615384615,-10.769230769230766,0.27866539240219573
1.9323076923076923,-10.769230769230766,0.4169192767804144
2.573076923076923,-10.769230769230766,0.5551731611586329
3.213846153846154,-10.769230769230766,0.6934270455368516
3.8546153846153843,-10.769230769230766,0.8316809299150703
4.495384615384615,-10.769230769230766,0.9699348142932888
5.136153846153846,-10.769230769230766,1.1081886986715075
5.776923076923077,-10.769230769230766,1.246442583049726
6.417692307692308,-10.769230769230766,1.3846964674279447
7.058461538461538,-10.769230769230766,1.5229503518061633
7.699230769230769,-10.769230769230766,1.661204236184382
8.34,-10.769230769230766,1.7994581205626006
8.98076923076923,-10.769230769230766,1.937712004940819
9.621538461538462,-10.769230769230766,2.075965889319038
10.262307692307692,-10.769230769230766,2.2142197736972564
10.903076923076922,-10.769230769230766,2.352473658075475
11.543846153846154,-10.769230769230766,2.490727542453694
12.184615384615384,-10.769230769230766,2.6289814268319125
12.825384615384616,-10.769230769230766,2.767235311210131
13.466153846153846,-10.769230769230766,2.9054891955883493
14.106923076923076,-10.769230769230766,3.043743079966568
14.747692307692308,-10.769230769230766,3.181996964344787
15.388461538461538,-10.769230769230766,3.3202508487230054
16.02923076923077,-10.769230769230766,3.458504733101224
16.67,-10.769230769230766,3.5967586174794435
17.310769230769232,-10.769230769230766,3.735012501857662
17.951538461538462,-10.769230769230766,3.8732663862358803
18.592307692307692,-10.769230769230766,4.011520270614098
19.233076923076926,-10.769230769230766,4.1497741549923175
19.873846153846156,-10.769230769230766,4.288028039370536
20.514615384615386,-10.769230769230766,4.426281923748755
21.155384615384616,-10.769230769230766,4.564535808126974
21.796153846153846,-10.769230769230766,4.702789692505192
22.43692307692308,-10.769230769230766,4.841043576883411
23.07769230769231,-10.769230769230766,4.97929746126163
23.71846153846154,-10.769230769230766,5.117551345639848
24.35923076923077,-10.769230769230766,5.255805230018066
25.0,-10.769230769230766,5.394059114396285
0.01,-7.692307692307686,0.0015394814833712047
0.6507692307692308,-7.692307692307686,0.10018471807169532
1.2915384615384615,-7.692307692307686,0.19882995466001943
1.9323076923076923,-7.692307692307686,0.29747519124834354
2.573076923076923,-7.692307692307686,0.3961204278366676
3.213846153846154,-7.692307692307686,0.4947656644249918
3.8546153846153843,-7.692307692307686,0.5934109010133158
4.495384615384615,-7.692307692307686,0.6920561376016399
5.136153846153846,-7.692307692307686,0.7907013741899641
5.776923076923077,-7.692307692307686,0.8893466107782881
6.417692307692308,-7.692307692307686,0.9879918473666124
7.058461538461538,-7.692307692307686,1.0866370839549364
7.699230769230769,-7.692307692307686,1.1852823205432603
8.34,-7.692307692307686,1.2839275571315847
8.98076923076923,-7.692307692307686,1.3825727937199086
9.621538461538462,-7.692307692307686,1.481218030308233
10.262307692307692,-7.692307692307686,1.5798632668965569
10.903076923076922,-7.692307692307686,1.678508503484881
11.543846153846154,-7.692307692307686,1.7771537400732054
12.184615384615384,-7.692307692307686,1.8757989766615293
12.825384615384616,-7.692307692307686,1.9744442132498534
13.466153846153846,-7.692307692307686,2.0730894498381773
14.106923076923076,-7.692307692307686,2.1717346864265017
14.747692307692308,-7.692307692307686,2.270379923014826
15.388461538461538,-7.692307692307686,2.36902515960315
16.02923076923077,-7.692307692307686,2.4676703961914743
16.67,-7.692307692307686,2.5663156327797982
17.310769230769232,-7.692307692307686,2.664960869368122
17.951538461538462,-7.692307692307686,2.763606105956446
18.592307692307692,-7.692307692307686,2.8622513425447704
19.233076923076926,-7.692307692307686,2.9608965791330952
19.873846153846156,-7.692307692307686,3.059541815721419
20.514615384615386,-7.692307692307686,3.158187052309743
21.155384615384616,-7.692307692307686,3.256832288898067
21.796153846153846,-7.692307692307686,3.3554775254863913
22.43692307692308,-7.692307692307686,3.4541227620747152
23.07769230769231,-7.692307692307686,3.5527679986630396
23.71846153846154,-7.692307692307686,3.651413235251363
24.35923076923077,-7.692307692307686,3.7500584718396874
25.0,-7.692307692307686,3.848703708428012
0.01,-4.615384615384613,0.0009230187025481703
0.6507692307692308,-4.615384615384613,0.06006721710428862
1.2915384615384615,-4.615384615384613,0.11921141550602907
1.9323076923076923,-4.615384615384613,0.17835561390776952
2.573076923076923,-4.615384615384613,0.23749981230950995
3.213846153846154,-4.615384615384613,0.2966440107112504
3.8546153846153843,-4.615384615384613,0.35578820911299086
4.495384615384615,-4.615384615384613,0.41493240751473126
5.136153846153846,-4.615384615384613,0.4740766059164717
5.776923076923077,-4.615384615384613,0.5332208043182122
6.417692307692308,-4.615384615384613,0.5923650027199527
7.058461538461538,-4.615384615384613,0.6515092011216931
7.699230769230769,-4.615384615384613,0.7106533995234335
8.34,-4.615384615384613,0.769797597925174
8.98076923076923,-4.615384615384613,0.8289417963269143
9.621538461538462,-4.615384615384613,0.888085994728655
10.262307692307692,-4.615384615384613,0.9472301931303954
10.903076923076922,-4.615384615384613,1.0063743915321357
11.543846153846154,-4.615384615384613,1.0655185899338764
12.184615384615384,-4.615384615384613,1.1246627883356166
12.825384615384616,-4.615384615384613,1.183806986737357
13.466153846153846,-4.615384615384613,1.2429511851390975
14.106923076923076,-4.615384615384613,1.302095383540838
14.747692307692308,-4.615384615384613,1.3612395819425784
15.388461538461538,-4.615384615384613,1.420383780344319
16.02923076923077,-4.615384615384613,1.4795279787460596
16.67,-4.615384615384613,1.5386721771478
17.310769230769232,-4.615384615384613,1.5978163755495405
17.951538461538462,-4.615384615384613,1.656960573951281
18.592307692307692,-4.615384615384613,1.7161047723530212
19.233076923076926,-4.615384615384613,1.7752489707547618
19.873846153846156,-4.615384615384613,1.8343931691565023
20.514615384615386,-4.615384615384613,1.8935373675582425
21.155384615384616,-4.615384615384613,1.952681565959983
21.796153846153846,-4.615384615384613,2.0118257643617232
22.43692307692308,-4.615384615384613,2.0709699627634643
23.07769230769231,-4.615384615384613,2.1301141611652046
23.71846153846154,-4.615384615384613,2.189258359566945
24.35923076923077,-4.615384615384613,2.2484025579686855
25.0,-4.615384615384613,2.3075467563704257
0.01,-1.538461538461533,0.00030756131465892785
0.6507692307692308,-1.538461538461533,0.020015144015496384
1.2915384615384615,-1.538461538461533,0.03972272671633384
1.9323076923076923,-1.538461538461533,0.05943030941717129
2.573076923076923,-1.538461538461533,0.07913789211800874
3.213846153846154,-1.538461538461533,0.0988454748188462
3.8546153846153843,-1.538461538461533,0.11855305751968363
4.495384615384615,-1.538461538461533,0.1382606402205211
5.136153846153846,-1.538461538461533,0.15796822292135856
5.776923076923077,-1.538461538461533,0.177675805622196
6.417692307692308,-1.538461538461533,0.19738338832303348
7.058461538461538,-1.538461538461533,0.2170909710238709
7.699230769230769,-1.538461538461533,0.23679855372470834
8.34,-1.538461538461533,0.2565061364255458
8.98076923076923,-1.538461538461533,0.27621371912638326
9.621538461538462,-1.538461538461533,0.29592130182722076
10.262307692307692,-1.538461538461533,0.31562888452805815
10.903076923076922,-1.538461538461533,0.3353364672288956
11.543846153846154,-1.538461538461533,0.3550440499297331
12.184615384615384,-1.538461538461533,0.37475163263057054
12.825384615384616,-1.538461538461533,0.394459215331408
13.466153846153846,-1.538461538461533,0.41416679803224543
14.106923076923076,-1.538461538461533,0.4338743807330828
14.747692307692308,-1.538461538461533,0.4535819634339204
15.388461538461538,-1.538461538461533,0.4732895461347578
16.02923076923077,-1.538461538461533,0.4929971288355953
16.67,-1.538461538461533,0.5127047115364328
17.310769230769232,-1.538461538461533,0.5324122942372702
17.951538461538462,-1.538461538461533,0.5521198769381076
18.592307692307692,-1.538461538461533,0.5718274596389451
19.233076923076926,-1.538461538461533,0.5915350423397826
19.873846153846156,-1.538461538461533,0.61124262504062
20.514615384615386,-1.538461538461533,0.6309502077414575
21.155384615384616,-1.538461538461533,0.6506577904422949
21.796153846153846,-1.538461538461533,0.6703653731431324
22.43692307692308,-1.538461538461533,0.6900729558439699
23.07769230769231,-1.538461538461533,0.7097805385448073
23.71846153846154,-1.538461538461533,0.7294881212456448
24.35923076923077,-1.538461538461533,0.7491957039464822
25.0,-1.538461538461533,0.7689032866473197
0.01,1.53846153846154,-0.0003075613146589304
0.6507692307692308,1.53846153846154,-0.020015144015496547
1.2915384615384615,1.53846153846154,-0.039722726716334165
1.9323076923076923,1.53846153846154,-0.05943030941717178
2.573076923076923,1.53846153846154,-0.07913789211800938
3.213846153846154,1.53846153846154,-0.09884547481884702
3.8546153846153843,1.53846153846154,-0.11855305751968462
4.495384615384615,1.53846153846154,-0.13826064022052223
5.136153846153846,1.53846153846154,-0.15796822292135984
5.776923076923077,1.53846153846154,-0.17767580562219748
6.417692307692308,1.53846153846154,-0.19738338832303512
7.058461538461538,1.53846153846154,-0.2170909710238727
7.699230769230769,1.53846153846154,-0.23679855372471031
8.34,1.53846153846154,-0.2565061364255479
8.98076923076923,1.53846153846154,-0.27621371912638554
9.621538461538462,1.53846153846154,-0.2959213018272232
10.262307692307692,1.53846153846154,-0.31562888452806076
10.903076923076922,1.53846153846154,-0.33533646722889837
11.543846153846154,1.53846153846154,-0.35504404992973604
12.184615384615384,1.53846153846154,-0.37475163263057365
12.825384615384616,1.53846153846154,-0.3944592153314113
13.466153846153846,1.53846153846154,-0.4141667980322489
14.106923076923076,1.53846153846154,-0.43387438073308643
14.747692307692308,1.53846153846154,-0.45358196343392415
15.388461538461538,1.53846153846154,-0.4732895461347617
16.02923076923077,1.53846153846154,-0.4929971288355994
16.67,1.53846153846154,-0.512704711536437
17.310769230769232,1.53846153846154,-0.5324122942372747
17.951538461538462,1.53846153846154,-0.5521198769381122
18.592307692307692,1.53846153846154,-0.5718274596389498
19.233076923076926,1.53846153846154,-0.5915350423397875
19.873846153846156,1.53846153846154,-0.6112426250406251
20.514615384615386,1.53846153846154,-0.6309502077414627
21.155384615384616,1.53846153846154,-0.6506577904423003
21.796153846153846,1.53846153846154,-0.6703653731431379
22.43692307692308,1.53846153846154,-0.6900729558439757
23.07769230769231,1.53846153846154,-0.7097805385448133
23.71846153846154,1.53846153846154,-0.7294881212456508
24.35923076923077,1.53846153846154,-0.7491957039464884
25.0,1.53846153846154,-0.768903286647326
0.01,4.615384615384613,-0.0009230187025481737
0.6507692307692308,4.615384615384613,-0.06006721710428885
1.2915384615384615,4.615384615384613,-0.11921141550602951
1.9323076923076923,4.615384615384613,-0.1783556139077702
2.573076923076923,4.615384615384613,-0.23749981230951084
3.213846153846154,4.615384615384613,-0.2966440107112515
3.8546153846153843,4.615384615384613,-0.3557882091129922
4.495384615384615,4.615384615384613,-0.4149324075147328
5.136153846153846,4.615384615384613,-0.4740766059164735
5.776923076923077,4.615384615384613,-0.5332208043182143
6.417692307692308,4.615384615384613,-0.592365002719955
7.058461538461538,4.615384615384613,-0.6515092011216955
7.699230769230769,4.615384615384613,-0.7106533995234362
8.34,4.615384615384613,-0.7697975979251769
8.98076923076923,4.615384615384613,-0.8289417963269176
9.621538461538462,4.615384615384613,-0.8880859947286582
10.262307692307692,4.615384615384613,-0.9472301931303989
10.903076923076922,4.615384615384613,-1.0063743915321395
11.543846153846154,4.615384615384613,-1.0655185899338802
12.184615384615384,4.615384615384613,-1.1246627883356208
12.825384615384616,4.615384615384613,-1.1838069867373615
13.466153846153846,4.615384615384613,-1.2429511851391024
14.106923076923076,4.615384615384613,-1.3020953835408429
14.747692307692308,4.615384615384613,-1.3612395819425838
15.388461538461538,4.615384615384613,-1.4203837803443242
16.02923076923077,4.615384615384613,-1.4795279787460651
16.67,4.615384615384613,-1.5386721771478058
17.310769230769232,4.615384615384613,-1.5978163755495465
17.951538461538462,4.615384615384613,-1.656960573951287
18.592307692307692,4.615384615384613,-1.7161047723530276
19.233076923076926,4.615384615384613,-1.7752489707547685
19.873846153846156,4.615384615384613,-1.8343931691565092
20.514615384615386,4.615384615384613,-1.8935373675582496
21.155384615384616,4.615384615384613,-1.9526815659599903
21.796153846153846,4.615384615384613,-2.0118257643617308
22.43692307692308,4.615384615384613,-2.070969962763472
23.07769230769231,4.615384615384613,-2.130114161165212
23.71846153846154,4.615384615384613,-2.1892583595669532
24.35923076923077,4.615384615384613,-2.248402557968694
25.0,4.615384615384613,-2.307546756370434
0.01,7.692307692307693,-0.0015394814833712075
0.6507692307692308,7.692307692307693,-0.10018471807169549
1.2915384615384615,7.692307692307693,-0.1988299546600198
1.9323076923076923,7.692307692307693,-0.2974751912483441
2.573076923076923,7.692307692307693,-0.3961204278366683
3.213846153846154,7.692307692307693,-0.49476566442499265
3.8546153846153843,7.692307692307693,-0.593410901013317
4.495384615384615,7.692307692307693,-0.6920561376016412
5.136153846153846,7.692307692307693,-0.7907013741899654
5.776923076923077,7.692307692307693,-0.8893466107782898
6.417692307692308,7.692307692307693,-0.987991847366614
7.058461538461538,7.692307692307693,-1.0866370839549384
7.699230769230769,7.692307692307693,-1.1852823205432625
8.34,7.692307692307693,-1.283927557131587
8.98076923076923,7.692307692307693,-1.3825727937199113
9.621538461538462,7.692307692307693,-1.4812180303082356
10.262307692307692,7.692307692307693,-1.5798632668965598
10.903076923076922,7.692307692307693,-1.678508503484884
11.543846153846154,7.692307692307693,-1.7771537400732083
12.184615384615384,7.692307692307693,-1.8757989766615326
12.825384615384616,7.692307692307693,-1.9744442132498572
13.466153846153846,7.692307692307693,-2.073089449838181
14.106923076923076,7.692307692307693,-2.1717346864265052
14.747692307692308,7.692307692307693,-2.27037992301483
15.388461538461538,7.692307692307693,-2.369025159603154
16.02923076923077,7.692307692307693,-2.4676703961914788
16.67,7.692307692307693,-2.5663156327798027
17.310769230769232,7.692307692307693,-2.664960869368127
17.951538461538462,7.692307692307693,-2.7636061059564514
18.592307692307692,7.692307692307693,-2.8622513425447758
19.233076923076926,7.692307692307693,-2.9608965791331
19.873846153846156,7.692307692307693,-3.0595418157214245
20.514615384615386,7.692307692307693,-3.1581870523097484
21.155384615384616,7.692307692307693,-3.2568322888980727
21.796153846153846,7.692307692307693,-3.355477525486397
22.43692307692308,7.692307692307693,-3.454122762074722
23.07769230769231,7.692307692307693,-3.5527679986630454
23.71846153846154,7.692307692307693,-3.6514132352513697
24.35923076923077,7.692307692307693,-3.750058471839694
25.0,7.692307692307693,-3.8487037084280185
0.01,10.769230769230774,-0.0021576236457585174
0.6507692307692308,10.769230769230774,-0.14041150802397734
1.2915384615384615,10.769230769230774,-0.2786653924021962
1.9323076923076923,10.769230769230774,-0.41691927678041507
2.573076923076923,10.769230769230774,-0.5551731611586338
3.213846153846154,10.769230769230774,-0.6934270455368527
3.8546153846153843,10.769230769230774,-0.8316809299150715
4.495384615384615,10.769230769230774,-0.9699348142932903
5.136153846153846,10.769230769230774,-1.1081886986715093
5.776923076923077,10.769230769230774,-1.2464425830497279
6.417692307692308,10.769230769230774,-1.384696467427947
7.058461538461538,10.769230769230774,-1.5229503518061656
7.699230769230769,10.769230769230774,-1.6612042361843844
8.34,10.769230769230774,-1.7994581205626032
8.98076923076923,10.769230769230774,-1.9377120049408219
9.621538461538462,10.769230769230774,-2.075965889319041
10.262307692307692,10.769230769230774,-2.21421977369726
10.903076923076922,10.769230769230774,-2.3524736580754784
11.543846153846154,10.769230769230774,-2.4907275424536977
12.184615384615384,10.769230769230774,-2.628981426831916
12.825384615384616,10.769230769230774,-2.767235311210135
13.466153846153846,10.769230769230774,-2.9054891955883537
14.106923076923076,10.769230769230774,-3.0437430799665726
14.747692307692308,10.769230769230774,-3.181996964344792
15.388461538461538,10.769230769230774,-3.3202508487230102
16.02923076923077,10.769230769230774,-3.4585047331012295
16.67,10.769230769230774,-3.596758617479449
17.310769230769232,10.769230769230774,-3.735012501857667
17.951538461538462,10.769230769230774,-3.873266386235886
18.592307692307692,10.769230769230774,-4.011520270614104
19.233076923076926,10.769230769230774,-4.149774154992325
19.873846153846156,10.769230769230774,-4.288028039370543
20.514615384615386,10.769230769230774,-4.426281923748761
21.155384615384616,10.769230769230774,-4.56453580812698
21.796153846153846,10.769230769230774,-4.702789692505198
22.43692307692308,10.769230769230774,-4.841043576883418
23.07769230769231,10.769230769230774,-4.979297461261637
23.71846153846154,10.769230769230774,-5.117551345639856
24.35923076923077,10.769230769230774,-5.255805230018074
25.0,10.769230769230774,-5.394059114396294
0.01,13.846153846153854,-0.0027781247773124734
0.6507692307692308,13.846153846153854,-0.1807918124312579
1.2915384615384615,13.846153846153854,-0.35880550008520323
1.9323076923076923,13.846153846153854,-0.5368191877391486
2.573076923076923,13.846153846153854,-0.7148328753930939
3.213846153846154,13.846153846153854,-0.8928465630470395
3.8546153846153843,13.846153846153854,-1.0708602507009848
4.495384615384615,13.846153846153854,-1.24887393835493
5.136153846153846,13.846153846153854,-1.4268876260088754
5.776923076923077,13.846153846153854,-1.604901313662821
6.417692307692308,13.846153846153854,-1.7829150013167665
7.058461538461538,13.846153846153854,-1.9609286889707116
7.699230769230769,13.846153846153854,-2.1389423766246574
8.34,13.846153846153854,-2.3169560642786027
8.98076923076923,13.846153846153854,-2.494969751932548
9.621538461538462,13.846153846153854,-2.6729834395864938
10.262307692307692,13.846153846153854,-2.8509971272404386
10.903076923076922,13.846153846153854,-3.029010814894384
11.543846153846154,13.846153846153854,-3.2070245025483297
12.184615384615384,13.846153846153854,-3.3850381902022746
12.825384615384616,13.846153846153854,-3.563051877856221
13.466153846153846,13.846153846153854,-3.741065565510166
14.106923076923076,13.846153846153854,-3.9190792531641114
14.747692307692308,13.846153846153854,-4.097092940818056
15.388461538461538,13.846153846153854,-4.275106628472002
16.02923076923077,13.846153846153854,-4.453120316125948
16.67,13.846153846153854,-4.631134003779893
17.310769230769232,13.846153846153854,-4.8091476914338385
17.951538461538462,13.846153846153854,-4.987161379087783
18.592307692307692,13.846153846153854,-5.165175066741728
19.233076923076926,13.846153846153854,-5.343188754395674
19.873846153846156,13.846153846153854,-5.52120244204962
20.514615384615386,13.846153846153854,-5.699216129703565
21.155384615384616,13.846153846153854,-5.87722981735751
21.796153846153846,13.846153846153854,-6.055243505011456
22.43692307692308,13.846153846153854,-6.233257192665402
23.07769230769231,13.846153846153854,-6.411270880319347
23.71846153846154,13.846153846153854,-6.5892845679732925
24.35923076923077,13.846153846153854,-6.767298255627237
25.0,13.846153846153854,-6.945311943281183
0.01,16.923076923076934,-0.003401672321485349
0.6507692307692308,16.923076923076934,-0.2213703679982004
1.2915384615384615,16.923076923076934,-0.43933906367491543
1.9323076923076923,16.923076923076934,-0.6573077593516304
2.573076923076923,16.923076923076934,-0.8752764550283455
3.213846153846154,16.923076923076934,-1.0932451507050607
3.8546153846153843,16.923076923076934,-1.3112138463817755
4.495384615384615,16.923076923076934,-1.5291825420584906
5.136153846153846,16.923076923076934,-1.7471512377352056
5.776923076923077,16.923076923076934,-1.965119933411921
6.417692307692308,16.923076923076934,-2.183088629088636
7.058461538461538,16.923076923076934,-2.401057324765351
7.699230769230769,16.923076923076934,-2.619026020442066
8.34,16.923076923076934,-2.836994716118781
8.98076923076923,16.923076923076934,-3.054963411795496
9.621538461538462,16.923076923076934,-3.2729321074722115
10.262307692307692,16.923076923076934,-3.490900803148926
10.903076923076922,16.923076923076934,-3.7088694988256403
11.543846153846154,16.923076923076934,-3.9268381945023565
12.184615384615384,16.923076923076934,-4.144806890179071
12.825384615384616,16.923076923076934,-4.362775585855787
13.466153846153846,16.923076923076934,-4.5807442815325015
14.106923076923076,16.923076923076934,-4.798712977209216
14.747692307692308,16.923076923076934,-5.016681672885931
15.388461538461538,16.923076923076934,-5.234650368562646
16.02923076923077,16.923076923076934,-5.452619064239363
16.67,16.923076923076934,-5.670587759916078
17.310769230769232,16.923076923076934,-5.888556455592792
17.951538461538462,16.923076923076934,-6.106525151269507
18.592307692307692,16.923076923076934,-6.324493846946221
19.233076923076926,16.923076923076934,-6.542462542622938
19.873846153846156,16.923076923076934,-6.760431238299653
20.514615384615386,16.923076923076934,-6.978399933976367
21.155384615384616,16.923076923076934,-7.196368629653082
21.796153846153846,16.923076923076934,-7.4143373253297975
22.43692307692308,16.923076923076934,-7.632306021006512
23.07769230769231,16.923076923076934,-7.850274716683227
23.71846153846154,16.923076923076934,-8.068243412359942
24.35923076923077,16.923076923076934,-8.286212108036658
25.0,16.923076923076934,-8.504180803713373
0.01,20.0,-0.004028963850231178
0.6507692307692308,20.0,-0.2621925705611982
1.2915384615384615,20.0,-0.5203561772721652
1.9323076923076923,20.0,-0.7785197839831323
2.573076923076923,20.0,-1.036683390694099
3.213846153846154,20.0,-1.2948469974050663
3.8546153846153843,20.0,-1.5530106041160332
4.495384615384615,20.0,-1.8111742108270001
5.136153846153846,20.0,-2.069337817537967
5.776923076923077,20.0,-2.3275014242489345
6.417692307692308,20.0,-2.5856650309599014
7.058461538461538,20.0,-2.8438286376708684
7.699230769230769,20.0,-3.1019922443818353
8.34,20.0,-3.3601558510928022
8.98076923076923,20.0,-3.618319457803769
9.621538461538462,20.0,-3.8764830645147366
10.262307692307692,20.0,-4.1346466712257035
10.903076923076922,20.0,-4.39281027793667
11.543846153846154,20.0,-4.650973884647637
12.184615384615384,20.0,-4.909137491358604
12.825384615384616,20.0,-5.167301098069572
13.466153846153846,20.0,-5.425464704780539
14.106923076923076,20.0,-5.683628311491505
14.747692307692308,20.0,-5.9417919182024725
15.388461538461538,20.0,-6.199955524913439
16.02923076923077,20.0,-6.458119131624407
16.67,20.0,-6.716282738335375
17.310769230769232,20.0,-6.974446345046341
17.951538461538462,20.0,-7.232609951757308
18.592307692307692,20.0,-7.490773558468274
19.233076923076926,20.0,-7.7489371651792425
19.873846153846156,20.0,-8.00710077189021
20.514615384615386,20.0,-8.265264378601175
21.155384615384616,20.0,-8.523427985312143
21.796153846153846,20.0,-8.78159159202311
22.43692307692308,20.0,-9.039755198734078
23.07769230769231,20.0,-9.297918805445045
23.71846153846154,20.0,-9.55608241215601
24.35923076923077,20.0,-9.814246018866978
25.0,20.0,-10.072409625577945
0.01,23.07692307692308,-0.004660709354658481
0.6507692307692308,23.07692307692308,-0.30330462415700576
1.2915384615384615,23.07692307692308,-0.6019485389593531
1.9323076923076923,23.07692307692308,-0.9005924537617004
2.573076923076923,23.07692307692308,-1.1992363685640477
3.213846153846154,23.07692307692308,-1.497880283366395
3.8546153846153843,23.07692307692308,-1.7965241981687423
4.495384615384615,23.07692307692308,-2.0951681129710895
5.136153846153846,23.07692307692308,-2.393812027773437
5.776923076923077,23.07692307692308,-2.692455942575784
6.417692307692308,23.07692307692308,-2.9910998573781313
7.058461538461538,23.07692307692308,-3.2897437721804788
7.699230769230769,23.07692307692308,-3.5883876869828257
8.34,23.07692307692308,-3.8870316017851736
8.98076923076923,23.07692307692308,-4.185675516587521
9.621538461538462,23.07692307692308,-4.484319431389868
10.262307692307692,23.07692307692308,-4.782963346192215
10.903076923076922,23.07692307692308,-5.081607260994562
11.543846153846154,23.07692307692308,-5.38025117579691
12.184615384615384,23.07692307692308,-5.678895090599257
12.825384615384616,23.07692307692308,-5.977539005401605
13.466153846153846,23.07692307692308,-6.276182920203952
14.106923076923076,23.07692307692308,-6.574826835006299
14.747692307692308,23.07692307692308,-6.873470749808647
15.388461538461538,23.07692307692308,-7.172114664610994
16.02923076923077,23.07692307692308,-7.470758579413343
16.67,23.07692307692308,-7.76940249421569
17.310769230769232,23.07692307692308,-8.068046409018036
17.951538461538462,23.07692307692308,-8.366690323820382
18.592307692307692,23.07692307692308,-8.66533423862273
19.233076923076926,23.07692307692308,-8.963978153425078
19.873846153846156,23.07692307692308,-9.262622068227426
20.514615384615386,23.07692307692308,-9.561265983029772
21.155384615384616,23.07692307692308,-9.85990989783212
21.796153846153846,23.07692307692308,-10.158553812634466
22.43692307692308,23.07692307692308,-10.457197727436816
23.07769230769231,23.07692307692308,-10.755841642239162
23.71846153846154,23.07692307692308,-11.05448555704151
24.35923076923077,23.07692307692308,-11.353129471843857
25.0,23.07692307692308,-11.651773386646203
0.01,26.15384615384616,-0.005297633553991757
0.6507692307692308,26.15384615384616,-0.3447536912828482
1.2915384615384615,26.15384615384616,-0.6842097490117046
1.9323076923076923,26.15384615384616,-1.023665806740561
2.573076923076923,26.15384615384616,-1.3631218644694174
3.213846153846154,26.15384615384616,-1.702577922198274
3.8546153846153843,26.15384615384616,-2.04203397992713
4.495384615384615,26.15384615384616,-2.3814900376559867
5.136153846153846,26.15384615384616,-2.720946095384843
5.776923076923077,26.15384615384616,-3.0604021531137
6.417692307692308,26.15384615384616,-3.399858210842557
7.058461538461538,26.15384615384616,-3.739314268571412
7.699230769230769,26.15384615384616,-4.078770326300269
8.34,26.15384615384616,-4.418226384029126
8.98076923076923,26.15384615384616,-4.757682441757981
9.621538461538462,26.15384615384616,-5.097138499486839
10.262307692307692,26.15384615384616,-5.436594557215695
10.903076923076922,26.15384615384616,-5.776050614944551
11.543846153846154,26.15384615384616,-6.115506672673408
12.184615384615384,26.15384615384616,-6.454962730402264
12.825384615384616,26.15384615384616,-6.794418788131121
13.466153846153846,26.15384615384616,-7.133874845859977
14.106923076923076,26.15384615384616,-7.473330903588833
14.747692307692308,26.15384615384616,-7.81278696131769
15.388461538461538,26.15384615384616,-8.152243019046546
16.02923076923077,26.15384615384616,-8.491699076775404
16.67,26.15384615384616,-8.831155134504261
17.310769230769232,26.15384615384616,-9.170611192233116
17.951538461538462,26.15384615384616,-9.510067249961972
18.592307692307692,26.15384615384616,-9.849523307690829
19.233076923076926,26.15384615384616,-10.188979365419687
19.873846153846156,26.15384615384616,-10.528435423148542
20.514615384615386,26.15384615384616,-10.867891480877399
21.155384615384616,26.15384615384616,-11.207347538606255
21.796153846153846,26.15384615384616,-11.546803596335112
22.43692307692308,26.15384615384616,-11.88625965406397
23.07769230769231,26.15384615384616,-12.225715711792825
23.71846153846154,26.15384615384616,-12.565171769521681
24.35923076923077,26.15384615384616,-12.904627827250538
25.0,26.15384615384616,-13.244083884979393
0.01,29.23076923076924,-0.0059404782205556865
0.6507692307692308,29.23076923076924,-0.38658804419923926
1.2915384615384615,29.23076923076924,-0.7672356101779229
1.9323076923076923,29.23076923076924,-1.1478831761566064
2.573076923076923,29.23076923076924,-1.5285307421352898
3.213846153846154,29.23076923076924,-1.9091783081139735
3.8546153846153843,29.23076923076924,-2.2898258740926574
4.495384615384615,29.23076923076924,-2.6704734400713406
5.136153846153846,29.23076923076924,-3.0511210060500242
5.776923076923077,29.23076923076924,-3.4317685720287083
6.417692307692308,29.23076923076924,-3.8124161380073915
7.058461538461538,29.23076923076924,-4.193063703986075
7.699230769230769,29.23076923076924,-4.573711269964759
8.34,29.23076923076924,-4.9543588359434425
8.98076923076923,29.23076923076924,-5.335006401922126
9.621538461538462,29.23076923076924,-5.715653967900811
10.262307692307692,29.23076923076924,-6.096301533879493
10.903076923076922,29.23076923076924,-6.476949099858176
11.543846153846154,29.23076923076924,-6.85759666583686
12.184615384615384,29.23076923076924,-7.238244231815544
12.825384615384616,29.23076923076924,-7.6188917977942285
13.466153846153846,29.23076923076924,-7.999539363772911
14.106923076923076,29.23076923076924,-8.380186929751595
14.747692307692308,29.23076923076924,-8.760834495730279
15.388461538461538,29.23076923076924,-9.141482061708963
16.02923076923077,29.23076923076924,-9.522129627687647
16.67,29.23076923076924,-9.902777193666331
17.310769230769232,29.23076923076924,-10.283424759645014
17.951538461538462,29.23076923076924,-10.664072325623698
18.592307692307692,29.23076923076924,-11.04471989160238
19.233076923076926,29.23076923076924,-11.425367457581066
19.873846153846156,29.23076923076924,-11.80601502355975
20.514615384615386,29.23076923076924,-12.186662589538432
21.155384615384616,29.23076923076924,-12.567310155517115
21.796153846153846,29.23076923076924,-12.947957721495799
22.43692307692308,29.23076923076924,-13.328605287474483
23.07769230769231,29.23076923076924,-13.709252853453167
23.71846153846154,29.23076923076924,-14.089900419431851
24.35923076923077,29.23076923076924,-14.470547985410535
25.0,29.23076923076924,-14.851195551389216
0.01,32.30769230769231,-0.006590004515053723
0.6507692307692308,32.30769230769231,-0.4288572169027269
1.2915384615384615,32.30769230769231,-0.8511244292904001
1.9323076923076923,32.30769230769231,-1.273391641678073
2.573076923076923,32.30769230769231,-1.695658854065746
3.213846153846154,32.30769230769231,-2.1179260664534194
3.8546153846153843,32.30769230769231,-2.540193278841093
4.495384615384615,32.30769230769231,-2.9624604912287658
5.136153846153846,32.30769230769231,-3.3847277036164387
5.776923076923077,32.30769230769231,-3.8069949160041117
6.417692307692308,32.30769230769231,-4.2292621283917855
7.058461538461538,32.30769230769231,-4.651529340779458
7.699230769230769,32.30769230769231,-5.073796553167131
8.34,32.30769230769231,-5.496063765554805
8.98076923076923,32.30769230769231,-5.918330977942477
9.621538461538462,32.30769230769231,-6.340598190330152
10.262307692307692,32.30769230769231,-6.762865402717825
10.903076923076922,32.30769230769231,-7.1851326151054975
11.543846153846154,32.30769230769231,-7.607399827493172
12.184615384615384,32.30769230769231,-8.029667039880843
12.825384615384616,32.30769230769231,-8.451934252268519
13.466153846153846,32.30769230769231,-8.87420146465619
14.106923076923076,32.30769230769231,-9.296468677043864
14.747692307692308,32.30769230769231,-9.718735889431537
15.388461538461538,32.30769230769231,-10.14100310181921
16.02923076923077,32.30769230769231,-10.563270314206886
16.67,32.30769230769231,-10.985537526594557
17.310769230769232,32.30769230769231,-11.40780473898223
17.951538461538462,32.30769230769231,-11.830071951369902
18.592307692307692,32.30769230769231,-12.252339163757576
19.233076923076926,32.30769230769231,-12.67460637614525
19.873846153846156,32.30769230769231,-13.096873588532924
20.514615384615386,32.30769230769231,-13.519140800920594
21.155384615384616,32.30769230769231,-13.94140801330827
21.796153846153846,32.30769230769231,-14.363675225695943
22.43692307692308,32.30769230769231,-14.785942438083616
23.07769230769231,32.30769230769231,-15.208209650471288
23.71846153846154,32.30769230769231,-15.630476862858961
24.35923076923077,32.30769230769231,-16.052744075246636
25.0,32.30769230769231,-16.475011287634306
0.01,35.38461538461539,-0.007246995321893791
0.6507692307692308,35.38461538461539,-0.4716121571017037
1.2915384615384615,35.38461538461539,-0.9359773188815136
1.9323076923076923,35.38461538461539,-1.4003424806613234
2.573076923076923,35.38461538461539,-1.864707642441133
3.213846153846154,35.38461538461539,-2.329072804220943
3.8546153846153843,35.38461538461539,-2.793437966000753
4.495384615384615,35.38461538461539,-3.2578031277805626
5.136153846153846,35.38461538461539,-3.7221682895603725
5.776923076923077,35.38461538461539,-4.186533451340182
6.417692307692308,35.38461538461539,-4.650898613119992
7.058461538461538,35.38461538461539,-5.115263774899802
7.699230769230769,35.38461538461539,-5.579628936679612
8.34,35.38461538461539,-6.043994098459422
8.98076923076923,35.38461538461539,-6.5083592602392315
9.621538461538462,35.38461538461539,-6.972724422019042
10.262307692307692,35.38461538461539,-7.437089583798851
10.903076923076922,35.38461538461539,-7.901454745578661
11.543846153846154,35.38461538461539,-8.365819907358471
12.184615384615384,35.38461538461539,-8.830185069138281
12.825384615384616,35.38461538461539,-9.294550230918093
13.466153846153846,35.38461538461539,-9.7589153926979
14.106923076923076,35.38461538461539,-10.22328055447771
14.747692307692308,35.38461538461539,-10.68764571625752
15.388461538461538,35.38461538461539,-11.15201087803733
16.02923076923077,35.38461538461539,-11.616376039817142
16.67,35.38461538461539,-12.080741201596952
17.310769230769232,35.38461538461539,-12.545106363376762
17.951538461538462,35.38461538461539,-13.00947152515657
18.592307692307692,35.38461538461539,-13.47383668693638
19.233076923076926,35.38461538461539,-13.938201848716192
19.873846153846156,35.38461538461539,-14.402567010496
20.514615384615386,35.38461538461539,-14.866932172275812
21.155384615384616,35.38461538461539,-15.33129733405562
21.796153846153846,35.38461538461539,-15.795662495835428
22.43692307692308,35.38461538461539,-16.260027657615243
23.07769230769231,35.38461538461539,-16.72439281939505
23.71846153846154,35.38461538461539,-17.18875798117486
24.35923076923077,35.38461538461539,-17.65312314295467
25.0,35.38461538461539,-18.11748830473448
0.01,38.46153846153847,-0.007912257568418972
0.6507692307692308,38.46153846153847,-0.5149053771448039
1.2915384615384615,38.46153846153847,-1.0218984967211888
1.9323076923076923,38.46153846153847,-1.5288916162975739
2.573076923076923,38.46153846153847,-2.0358847358739585
3.213846153846154,38.46153846153847,-2.5428778554503437
3.8546153846153843,38.46153846153847,-3.0498709750267285
4.495384615384615,38.46153846153847,-3.556864094603113
5.136153846153846,38.46153846153847,-4.063857214179499
5.776923076923077,38.46153846153847,-4.5708503337558835
6.417692307692308,38.46153846153847,-5.077843453332269
7.058461538461538,38.46153846153847,-5.584836572908653
7.699230769230769,38.46153846153847,-6.091829692485038
8.34,38.46153846153847,-6.598822812061423
8.98076923076923,38.46153846153847,-7.105815931637808
9.621538461538462,38.46153846153847,-7.612809051214194
10.262307692307692,38.46153846153847,-8.119802170790578
10.903076923076922,38.46153846153847,-8.626795290366962
11.543846153846154,38.46153846153847,-9.133788409943348
12.184615384615384,38.46153846153847,-9.640781529519733
12.825384615384616,38.46153846153847,-10.147774649096117
13.466153846153846,38.46153846153847,-10.654767768672503
14.106923076923076,38.46153846153847,-11.161760888248887
14.747692307692308,38.46153846153847,-11.668754007825273
15.388461538461538,38.46153846153847,-12.175747127401658
16.02923076923077,38.46153846153847,-12.682740246978044
16.67,38.46153846153847,-13.18973336655443
17.310769230769232,38.46153846153847,-13.696726486130814
17.951538461538462,38.46153846153847,-14.203719605707198
18.592307692307692,38.46153846153847,-14.710712725283583
19.233076923076926,38.46153846153847,-15.217705844859971
19.873846153846156,38.46153846153847,-15.724698964436353
20.514615384615386,38.46153846153847,-16.23169208401274
21.155384615384616,38.46153846153847,-16.738685203589124
21.796153846153846,38.46153846153847,-17.245678323165507
22.43692307692308,38.46153846153847,-17.752671442741892
23.07769230769231,38.46153846153847,-18.259664562318278
23.71846153846154,38.46153846153847,-18.766657681894664
24.35923076923077,38.46153846153847,-19.27365080147105
25.0,38.46153846153847,-19.78064392104743
0.01,41.53846153846155,-0.008586624504241176
0.6507692307692308,41.53846153846155,-0.5587911023529257
1.2915384615384615,41.53846153846155,-1.1089955802016103
1.9323076923076923,41.53846153846155,-1.6592000580502948
2.573076923076923,41.53846153846155,-2.209404535898979
3.213846153846154,41.53846153846155,-2.7596090137476637
3.8546153846153843,41.53846153846155,-3.309813491596348
4.495384615384615,41.53846153846155,-3.8600179694450323
5.136153846153846,41.53846153846155,-4.410222447293718
5.776923076923077,41.53846153846155,-4.960426925142402
6.417692307692308,41.53846153846155,-5.510631402991087
7.058461538461538,41.53846153846155,-6.060835880839771
7.699230769230769,41.53846153846155,-6.611040358688455
8.34,41.53846153846155,-7.16124483653714
8.98076923076923,41.53846153846155,-7.711449314385824
9.621538461538462,41.53846153846155,-8.261653792234508
10.262307692307692,41.53846153846155,-8.811858270083194
10.903076923076922,41.53846153846155,-9.362062747931878
11.543846153846154,41.53846153846155,-9.912267225780562
12.184615384615384,41.53846153846155,-10.462471703629248
12.825384615384616,41.53846153846155,-11.012676181477932
13.466153846153846,41.53846153846155,-11.562880659326616
14.106923076923076,41.53846153846155,-12.1130851371753
14.747692307692308,41.53846153846155,-12.663289615023986
15.388461538461538,41.53846153846155,-13.21349409287267
16.02923076923077,41.53846153846155,-13.763698570721356
16.67,41.53846153846155,-14.313903048570042
17.310769230769232,41.53846153846155,-14.864107526418726
17.951538461538462,41.53846153846155,-15.414312004267408
18.592307692307692,41.53846153846155,-15.964516482116093
19.233076923076926,41.53846153846155,-16.514720959964777
19.873846153846156,41.53846153846155,-17.064925437813464
20.514615384615386,41.53846153846155,-17.61512991566215
21.155384615384616,41.53846153846155,-18.16533439351083
21.796153846153846,41.53846153846155,-18.715538871359517
22.43692307692308,41.53846153846155,-19.265743349208204
23.07769230769231,41.53846153846155,-19.815947827056885
23.71846153846154,41.53846153846155,-20.366152304905572
24.35923076923077,41.53846153846155,-20.916356782754256
25.0,41.53846153846155,-21.466561260602937
0.01,44.61538461538463,-0.009270957906945623
0.6507692307692308,44.61538461538463,-0.6033254145596919
1.2915384615384615,44.61538461538463,-1.1973798712124382
1.9323076923076923,44.61538461538463,-1.7914343278651848
2.573076923076923,44.61538461538463,-2.3854887845179307
3.213846153846154,44.61538461538463,-2.9795432411706773
3.8546153846153843,44.61538461538463,-3.573597697823423
4.495384615384615,44.61538461538463,-4.16765215447617
5.136153846153846,44.61538461538463,-4.761706611128917
5.776923076923077,44.61538461538463,-5.355761067781662
6.417692307692308,44.61538461538463,-5.949815524434409
7.058461538461538,44.61538461538463,-6.543869981087155
7.699230769230769,44.61538461538463,-7.137924437739901
8.34,44.61538461538463,-7.731978894392648
8.98076923076923,44.61538461538463,-8.326033351045393
9.621538461538462,44.61538461538463,-8.920087807698142
10.262307692307692,44.61538461538463,-9.514142264350886
10.903076923076922,44.61538461538463,-10.108196721003633
11.543846153846154,44.61538461538463,-10.702251177656379
12.184615384615384,44.61538461538463,-11.296305634309125
12.825384615384616,44.61538461538463,-11.890360090961872
13.466153846153846,44.61538461538463,-12.484414547614618
14.106923076923076,44.61538461538463,-13.078469004267365
14.747692307692308,44.61538461538463,-13.672523460920113
15.388461538461538,44.61538461538463,-14.266577917572858
16.02923076923077,44.61538461538463,-14.860632374225606
16.67,44.61538461538463,-15.454686830878352
17.310769230769232,44.61538461538463,-16.048741287531097
17.951538461538462,44.61538461538463,-16.642795744183843
18.592307692307692,44.61538461538463,-17.23685020083659
19.233076923076926,44.61538461538463,-17.830904657489338
19.873846153846156,44.61538461538463,-18.424959114142084
20.514615384615386,44.61538461538463,-19.01901357079483
21.155384615384616,44.61538461538463,-19.613068027447575
21.796153846153846,44.61538461538463,-20.20712248410032
22.43692307692308,44.61538461538463,-20.80117694075307
23.07769230769231,44.61538461538463,-21.395231397405816
23.71846153846154,44.61538461538463,-21.98928585405856
24.35923076923077,44.61538461538463,-22.583340310711307
25.0,44.61538461538463,-23.177394767364053
0.01,47.69230769230769,-0.009966150167577967
0.6507692307692308,47.69230769230769,-0.6485663878285354
1.2915384615384615,47.69230769230769,-1.2871666254894927
1.9323076923076923,47.69230769230769,-1.9257668631504499
2.573076923076923,47.69230769230769,-2.564367100811407
3.213846153846154,47.69230769230769,-3.2029673384723645
3.8546153846153843,47.69230769230769,-3.8415675761333223
4.495384615384615,47.69230769230769,-4.48016781379428
5.136153846153846,47.69230769230769,-5.118768051455237
5.776923076923077,47.69230769230769,-5.757368289116195
6.417692307692308,47.69230769230769,-6.3959685267771516
7.058461538461538,47.69230769230769,-7.034568764438108
7.699230769230769,47.69230769230769,-7.673169002099066
8.34,47.69230769230769,-8.311769239760023
8.98076923076923,47.69230769230769,-8.950369477420981
9.621538461538462,47.69230769230769,-9.588969715081939
10.262307692307692,47.69230769230769,-10.227569952742895
10.903076923076922,47.69230769230769,-10.866170190403853
11.543846153846154,47.69230769230769,-11.50477042806481
12.184615384615384,47.69230769230769,-12.143370665725767
12.825384615384616,47.69230769230769,-12.781970903386725
13.466153846153846,47.69230769230769,-13.420571141047683
14.106923076923076,47.69230769230769,-14.05917137870864
14.747692307692308,47.69230769230769,-14.697771616369597
15.388461538461538,47.69230769230769,-15.336371854030554
16.02923076923077,47.69230769230769,-15.974972091691514
16.67,47.69230769230769,-16.613572329352472
17.310769230769232,47.69230769230769,-17.252172567013428
17.951538461538462,47.69230769230769,-17.890772804674388
18.592307692307692,47.69230769230769,-18.52937304233534
19.233076923076926,47.69230769230769,-19.1679732799963
19.873846153846156,47.69230769230769,-19.806573517657256
20.514615384615386,47.69230769230769,-20.445173755318216
21.155384615384616,47.69230769230769,-21.08377399297917
21.796153846153846,47.69230769230769,-21.722374230640128
22.43692307692308,47.69230769230769,-22.36097446830109
23.07769230769231,47.69230769230769,-22.999574705962047
23.71846153846154,47.69230769230769,-23.638174943623003
24.35923076923077,47.69230769230769,-24.27677518128396
25.0,47.69230769230769,-24.915375418944915
0.01,50.769230769230774,-0.010673126192693812
0.6507692307692308,50.769230769230774,-0.694574212232228
1.2915384615384615,50.769230769230774,-1.3784752982717623
1.9323076923076923,50.769230769230774,-2.0623763843112966
2.573076923076923,50.769230769230774,-2.746277470350831
3.213846153846154,50.769230769230774,-3.430178556390365
3.8546153846153843,50.769230769230774,-4.114079642429899
4.495384615384615,50.769230769230774,-4.797980728469433
5.136153846153846,50.769230769230774,-5.481881814508968
5.776923076923077,50.769230769230774,-6.1657829005485025
6.417692307692308,50.769230769230774,-6.849683986588037
7.058461538461538,50.769230769230774,-7.533585072627571
7.699230769230769,50.769230769230774,-8.217486158667105
8.34,50.769230769230774,-8.90138724470664
8.98076923076923,50.769230769230774,-9.585288330746172
9.621538461538462,50.769230769230774,-10.269189416785709
10.262307692307692,50.769230769230774,-10.95309050282524
10.903076923076922,50.769230769230774,-11.636991588864776
11.543846153846154,50.769230769230774,-12.32089267490431
12.184615384615384,50.769230769230774,-13.004793760943844
12.825384615384616,50.769230769230774,-13.688694846983381
13.466153846153846,50.769230769230774,-14.372595933022914
14.106923076923076,50.769230769230774,-15.056497019062448
14.747692307692308,50.769230769230774,-15.740398105101981
15.388461538461538,50.769230769230774,-16.424299191141515
16.02923076923077,50.769230769230774,-17.10820027718105
16.67,50.769230769230774,-17.792101363220585
17.310769230769232,50.769230769230774,-18.47600244926012
17.951538461538462,50.769230769230774,-19.159903535299655
18.592307692307692,50.769230769230774,-19.84380462133919
19.233076923076926,50.769230769230774,-20.527705707378725
19.873846153846156,50.769230769230774,-21.21160679341826
20.514615384615386,50.769230769230774,-21.895507879457792
21.155384615384616,50.769230769230774,-22.579408965497326
21.796153846153846,50.769230769230774,-23.26331005153686
22.43692307692308,50.769230769230774,-23.947211137576396
23.07769230769231,50.769230769230774,-24.63111222361593
23.71846153846154,50.769230769230774,-25.315013309655463
24.35923076923077,50.769230769230774,-25.998914395694996
25.0,50.769230769230774,-26.68281548173453
0.01,53.846153846153854,-0.011392845038237051
0.6507692307692308,53.846153846153854,-0.7414113001806573
1.2915384615384615,53.846153846153854,-1.4714297553230775
1.9323076923076923,53.846153846153854,-2.2014482104654975
2.573076923076923,53.846153846153854,-2.931466665607918
3.213846153846154,53.846153846153854,-3.6614851207503385
3.8546153846153843,53.846153846153854,-4.3915035758927585
4.495384615384615,53.846153846153854,-5.121522031035179
5.136153846153846,53.846153846153854,-5.851540486177599
5.776923076923077,53.846153846153854,-6.581558941320019
6.417692307692308,53.846153846153854,-7.3115773964624395
7.058461538461538,53.846153846153854,-8.04159585160486
7.699230769230769,53.846153846153854,-8.77161430674728
8.34,53.846153846153854,-9.501632761889699
8.98076923076923,53.846153846153854,-10.23165121703212
9.621538461538462,53.846153846153854,-10.96166967217454
10.262307692307692,53.846153846153854,-11.691688127316961
10.903076923076922,53.846153846153854,-12.42170658245938
11.543846153846154,53.846153846153854,-13.151725037601802
12.184615384615384,53.846153846153854,-13.881743492744222
12.825384615384616,53.846153846153854,-14.611761947886643
13.466153846153846,53.846153846153854,-15.341780403029063
14.106923076923076,53.846153846153854,-16.07179885817148
14.747692307692308,53.846153846153854,-16.8018173133139
15.388461538461538,53.846153846153854,-17.53183576845632
16.02923076923077,53.846153846153854,-18.261854223598746
16.67,53.846153846153854,-18.991872678741167
17.310769230769232,53.846153846153854,-19.721891133883585
17.951538461538462,53.846153846153854,-20.451909589026005
18.592307692307692,53.846153846153854,-21.181928044168423
19.233076923076926,53.846153846153854,-21.911946499310847
19.873846153846156,53.846153846153854,-22.641964954453268
20.514615384615386,53.846153846153854,-23.371983409595686
21.155384615384616,53.846153846153854,-24.102001864738106
21.796153846153846,53.846153846153854,-24.832020319880524
22.43692307692308,53.846153846153854,-25.56203877502295
23.07769230769231,53.846153846153854,-26.29205723016537
23.71846153846154,53.846153846153854,-27.022075685307787
24.35923076923077,53.846153846153854,-27.752094140450208
25.0,53.846153846153854,-28.48211259559263
0.01,56.923076923076934,-0.012126301162683095
0.6507692307692308,56.923076923076934,-0.7891423679715307
1.2915384615384615,56.923076923076934,-1.566158434780378
1.9323076923076923,56.923076923076934,-2.3431745015892256
2.573076923076923,56.923076923076934,-3.120190568398073
3.213846153846154,56.923076923076934,-3.897206635206921
3.8546153846153843,56.923076923076934,-4.6742227020157685
4.495384615384615,56.923076923076934,-5.4512387688246156
5.136153846153846,56.923076923076934,-6.228254835633463
5.776923076923077,56.923076923076934,-7.00527090244231
6.417692307692308,56.923076923076934,-7.7822869692511585
7.058461538461538,56.923076923076934,-8.559303036060006
7.699230769230769,56.923076923076934,-9.336319102868853
8.34,56.923076923076934,-10.1133351696777
8.98076923076923,56.923076923076934,-10.890351236486547
9.621538461538462,56.923076923076934,-11.667367303295396
10.262307692307692,56.923076923076934,-12.444383370104243
10.903076923076922,56.923076923076934,-13.221399436913089
11.543846153846154,56.923076923076934,-13.998415503721938
12.184615384615384,56.923076923076934,-14.775431570530785
12.825384615384616,56.923076923076934,-15.552447637339634
13.466153846153846,56.923076923076934,-16.32946370414848
14.106923076923076,56.923076923076934,-17.106479770957325
14.747692307692308,56.923076923076934,-17.883495837766176
15.388461538461538,56.923076923076934,-18.660511904575024
16.02923076923077,56.923076923076934,-19.437527971383872
16.67,56.923076923076934,-20.21454403819272
17.310769230769232,56.923076923076934,-20.991560105001568
17.951538461538462,56.923076923076934,-21.768576171810416
18.592307692307692,56.923076923076934,-22.54559223861926
19.233076923076926,56.923076923076934,-23.322608305428112
19.873846153846156,56.923076923076934,-24.09962437223696
20.514615384615386,56.923076923076934,-24.876640439045804
21.155384615384616,56.923076923076934,-25.653656505854652
21.796153846153846,56.923076923076934,-26.4306725726635
22.43692307692308,56.923076923076934,-27.207688639472348
23.07769230769231,56.923076923076934,-27.984704706281192
23.71846153846154,56.923076923076934,-28.76172077309004
24.35923076923077,56.923076923076934,-29.53873683989889
25.0,56.923076923076934,-30.315752906707736
0.01,60.0,-0.012874525150864468
0.6507692307692308,60.0,-0.8378344828947185
1.2915384615384615,60.0,-1.6627944406385724
1.9323076923076923,60.0,-2.4877543983824264
2.573076923076923,60.0,-3.31271435612628
3.213846153846154,60.0,-4.137674313870134
3.8546153846153843,60.0,-4.962634271613988
4.495384615384615,60.0,-5.7875942293578415
5.136153846153846,60.0,-6.612554187101696
5.776923076923077,60.0,-7.43751414484555
6.417692307692308,60.0,-8.262474102589403
7.058461538461538,60.0,-9.087434060333257
7.699230769230769,60.0,-9.91239401807711
8.34,60.0,-10.737353975820966
8.98076923076923,60.0,-11.562313933564818
9.621538461538462,60.0,-12.387273891308674
10.262307692307692,60.0,-13.212233849052527
10.903076923076922,60.0,-14.037193806796381
11.543846153846154,60.0,-14.862153764540235
12.184615384615384,60.0,-15.687113722284089
12.825384615384616,60.0,-16.512073680027946
13.466153846153846,60.0,-17.3370336377718
14.106923076923076,60.0,-18.16199359551565
14.747692307692308,60.0,-18.986953553259507
15.388461538461538,60.0,-19.81191351100336
16.02923076923077,60.0,-20.636873468747215
16.67,60.0,-21.46183342649107
17.310769230769232,60.0,-22.286793384234922
17.951538461538462,60.0,-23.111753341978776
18.592307692307692,60.0,-23.93671329972263
19.233076923076926,60.0,-24.761673257466487
19.873846153846156,60.0,-25.586633215210338
20.514615384615386,60.0,-26.41159317295419
21.155384615384616,60.0,-27.236553130698045
21.796153846153846,60.0,-28.0615130884419
22.43692307692308,60.0,-28.88647304618576
23.07769230769231,60.0,-29.711433003929606
23.71846153846154,60.0,-30.53639296167346
24.35923076923077,60.0,-31.361352919417314
25.0,60.0,-32.18631287716117
