fator_carregamento,barra,distancia_real_km,distancia_estimada_km,erro_km
1,NODE#433471903,0.18406,0.2107881134418851,0.02672811344188511
1,NODE#433472249,0.42688,0.49084123205767927,0.06396123205767928
1,NODE#433472273,0.28811,0.33079353296982145,0.04268353296982147
1,NODE#433472318,0.07721,0.08842211434717276,0.011212114347172758
1,NODE#433472319,0.11782000000000001,0.1352597148839755,0.0174397148839755
1,NODE#445011032,0.27346000000000004,0.16336287794514454,-0.1100971220548555
1,NODE#445011077,0.26378999999999997,0.3020953280185207,0.03830532801852071
1,NODE#445011107,0.40848999999999996,0.4678045504896116,0.05931455048961165
1,NODE#445011547,0.47945999999999994,0.5490768598252782,0.06961685982527827
1,NODE#445012146,0.30900999999999995,0.353881078317959,0.04487107831795906
2,NODE#433471903,0.18406,0.21078798744592814,0.026727987445928136
2,NODE#433472249,0.42688,0.49083938304803654,0.06395938304803656
2,NODE#433472273,0.28811,0.3307929529638092,0.042682952963809195
2,NODE#433472318,0.07721,0.08842211520357364,0.011212115203573639
2,NODE#433472319,0.11782000000000001,0.13525964182583897,0.01743964182583896
2,NODE#445011032,0.27346000000000004,0.1633654216587013,-0.11009457834129874
2,NODE#445011077,0.26378999999999997,0.3020945306686558,0.038304530668655856
2,NODE#445011107,0.40848999999999996,0.4678023357411482,0.05931233574114825
2,NODE#445011547,0.47945999999999994,0.5490732246341997,0.06961322463419978
2,NODE#445012146,0.30900999999999995,0.35388009247957475,0.0448700924795748
4,NODE#433471903,0.18406,0.21078788789773276,0.026727887897732755
4,NODE#433472249,0.42688,0.49083897168742807,0.06395897168742809
4,NODE#433472273,0.28811,0.33079289755178953,0.042682897551789556
4,NODE#433472318,0.07721,0.08842211615564871,0.01121211615564871
4,NODE#433472319,0.11782000000000001,0.1352596744796779,0.017439674479677897
4,NODE#445011032,0.27346000000000004,0.1633636014471525,-0.11009639855284753
4,NODE#445011077,0.26378999999999997,0.3020945970318683,0.03830459703186834
4,NODE#445011107,0.40848999999999996,0.46780206683393993,0.05931206683393997
4,NODE#445011547,0.47945999999999994,0.5490736732711796,0.06961367327117968
4,NODE#445012146,0.30900999999999995,0.3538800704332299,0.044870070433229936
6,NODE#433471903,0.18406,0.21078769567717465,0.026727695677174645
6,NODE#433472249,0.42688,0.49083528018555345,0.06395528018555346
6,NODE#433472273,0.28811,0.3307919079138858,0.04268190791388582
6,NODE#433472318,0.07721,0.08842211706307002,0.011212117063070015
6,NODE#433472319,0.11782000000000001,0.13525959837912668,0.017439598379126675
6,NODE#445011032,0.27346000000000004,0.16336395277500199,-0.11009604722499805
6,NODE#445011077,0.26378999999999997,0.30209327612623055,0.03830327612623058
6,NODE#445011107,0.40848999999999996,0.4677948303545041,0.05930483035450412
6,NODE#445011547,0.47945999999999994,0.5490653018234545,0.06960530182345454
6,NODE#445012146,0.30900999999999995,0.3538784985855091,0.044868498585509176
