barra,cenario,distancia_real_km,distancia_estimada_km,erro_km
NODE#433471903,sem_carga,0.18406,0.21078816157441566,0.026728161574415654
NODE#433471903,com_carga,0.18406,0.21078811344129106,0.026728113441291057
NODE#433472249,sem_carga,0.42688,0.49084228394810947,0.06396228394810949
NODE#433472249,com_carga,0.42688,0.49084138134623784,0.06396138134623786
NODE#433472273,sem_carga,0.28811,0.33079379294434375,0.04268379294434377
NODE#433472273,com_carga,0.28811,0.3307934398556514,0.04268343985565143
NODE#433472318,sem_carga,0.07721,0.08842211367157378,0.011212113671573778
NODE#433472318,com_carga,0.07721,0.0884221143549428,0.011212114354942793
NODE#433472319,sem_carga,0.11782000000000001,0.13525972911794062,0.017439729117940617
NODE#433472319,com_carga,0.11782000000000001,0.13525971652104316,0.017439716521043147
NODE#445011032,sem_carga,0.27346000000000004,0.16336218506401165,-0.11009781493598839
NODE#445011032,com_carga,0.27346000000000004,0.16336315349678904,-0.110096846503211
NODE#445011077,sem_carga,0.26378999999999997,0.3020955701413969,0.038305570141396905
NODE#445011077,com_carga,0.26378999999999997,0.30209530116066496,0.038305301160664995
NODE#445011107,sem_carga,0.40848999999999996,0.46780549534530136,0.059315495345301394
NODE#445011107,com_carga,0.40848999999999996,0.46780420226126906,0.0593142022612691
NODE#445011547,sem_carga,0.47945999999999994,0.549078949842906,0.06961894984290601
NODE#445011547,com_carga,0.47945999999999994,0.5490734619871147,0.06961346198711477
NODE#445012146,sem_carga,0.30900999999999995,0.3538816103832653,0.04487161038326537
NODE#445012146,com_carga,0.30900999999999995,0.35388092883590416,0.04487092883590421
