barra,categoria
100#1086940520,folha_mt
100#1087223788,folha_mt
100#207301442,passagem
100#351815192,folha_mt
NODE#1023251613,folha_mt
NODE#1136793634,passagem
NODE#118744227,folha_mt
NODE#1194264563,folha_mt
NODE#119540197,passagem
NODE#124637383,folha_mt
NODE#125828784,folha_mt
NODE#127325960,folha_mt
NODE#127688187,folha_mt
NODE#127690257,folha_mt
NODE#1346048943,folha_secundario_trafo
NODE#1361434523,folha_secundario_trafo
NODE#1361434537,ramificacao
NODE#1361434538,passagem
NODE#1600635845,passagem
NODE#1679757380,folha_secundario_trafo
NODE#1856060650,passagem
NODE#190549085,folha_mt
NODE#190549115,folha_mt
NODE#1946105962,folha_secundario_trafo
NODE#1981522454,folha_secundario_trafo
NODE#1981522617,folha_secundario_trafo
NODE#1981522710,ramificacao
NODE#1981522711,passagem
NODE#1987035704,passagem
NODE#1987035810,folha_secundario_trafo
NODE#2015114208,ramificacao
NODE#2316029020,ramificacao
NODE#2316029025,folha_secundario_trafo
NODE#2488240298,folha_secundario_trafo
NODE#2488240309,passagem
NODE#2566408148,folha_secundario_trafo
NODE#2566408161,ramificacao
NODE#2566408162,folha_mt
NODE#407915850,folha_secundario_trafo
NODE#420182804,folha_secundario_trafo
NODE#420217200,folha_secundario_trafo
NODE#420218949,folha_secundario_trafo
NODE#420261732,folha_secundario_trafo
NODE#420661169,folha_secundario_trafo
NODE#420661181,folha_secundario_trafo
NODE#420661187,folha_secundario_trafo
NODE#420661208,folha_secundario_trafo
NODE#420661211,folha_secundario_trafo
NODE#420661223,folha_secundario_trafo
NODE#420661226,folha_secundario_trafo
NODE#420661235,folha_secundario_trafo
NODE#420661262,folha_secundario_trafo
NODE#420661274,folha_secundario_trafo
NODE#420661295,folha_secundario_trafo
NODE#420661319,folha_secundario_trafo
NODE#420661331,folha_secundario_trafo
NODE#420661334,folha_secundario_trafo
NODE#420661382,folha_secundario_trafo
NODE#420661481,folha_secundario_trafo
NODE#420661484,folha_secundario_trafo
NODE#420661517,folha_secundario_trafo
NODE#420661544,folha_secundario_trafo
NODE#420661556,folha_secundario_trafo
NODE#420661565,folha_secundario_trafo
NODE#420661625,folha_secundario_trafo
NODE#420661628,folha_secundario_trafo
NODE#420661631,folha_secundario_trafo
NODE#420661634,folha_secundario_trafo
NODE#420661670,folha_secundario_trafo
NODE#420661706,folha_secundario_trafo
NODE#420661709,folha_secundario_trafo
NODE#420683185,folha_secundario_trafo
NODE#420683188,folha_secundario_trafo
NODE#420683200,folha_secundario_trafo
NODE#420683215,folha_secundario_trafo
NODE#420683221,folha_secundario_trafo
NODE#420683233,folha_secundario_trafo
NODE#420683251,folha_secundario_trafo
NODE#420683269,folha_secundario_trafo
NODE#420683284,folha_secundario_trafo
NODE#420683290,folha_secundario_trafo
NODE#420683299,folha_secundario_trafo
NODE#420683314,folha_secundario_trafo
NODE#420683410,folha_secundario_trafo
NODE#420683413,folha_secundario_trafo
NODE#420683497,folha_secundario_trafo
NODE#420683545,folha_secundario_trafo
NODE#420684841,folha_secundario_trafo
NODE#420684847,folha_secundario_trafo
NODE#420684883,folha_secundario_trafo
NODE#420684910,folha_secundario_trafo
NODE#420684919,folha_secundario_trafo
NODE#420684958,folha_secundario_trafo
NODE#420685009,folha_secundario_trafo
NODE#420685021,folha_secundario_trafo
NODE#420685027,folha_secundario_trafo
NODE#420685030,folha_secundario_trafo
NODE#420685033,folha_secundario_trafo
NODE#420685051,folha_secundario_trafo
NODE#420685087,folha_secundario_trafo
NODE#420685123,folha_secundario_trafo
NODE#420685129,folha_secundario_trafo
NODE#420685135,folha_secundario_trafo
NODE#420685156,folha_secundario_trafo
NODE#420685225,folha_secundario_trafo
NODE#420685234,folha_secundario_trafo
NODE#420685252,folha_secundario_trafo
NODE#420685255,folha_secundario_trafo
NODE#420685261,folha_secundario_trafo
NODE#420685264,folha_secundario_trafo
NODE#420685423,folha_secundario_trafo
NODE#420685513,folha_secundario_trafo
NODE#420686032,folha_secundario_trafo
NODE#420686059,folha_secundario_trafo
NODE#420686233,folha_secundario_trafo
NODE#420686236,folha_secundario_trafo
NODE#420686311,folha_secundario_trafo
NODE#420686473,folha_secundario_trafo
NODE#420686482,folha_secundario_trafo
NODE#420686542,folha_secundario_trafo
NODE#420686605,folha_secundario_trafo
NODE#420686677,folha_secundario_trafo
NODE#420686704,folha_secundario_trafo
NODE#420709524,folha_secundario_trafo
NODE#420710262,folha_secundario_trafo
NODE#420710496,folha_secundario_trafo
NODE#420710583,folha_secundario_trafo
NODE#420710652,folha_secundario_trafo
NODE#420710724,folha_secundario_trafo
NODE#420710727,folha_secundario_trafo
NODE#420710784,folha_secundario_trafo
NODE#420711159,folha_secundario_trafo
NODE#420711276,folha_secundario_trafo
NODE#420711294,folha_secundario_trafo
NODE#420711540,folha_secundario_trafo
NODE#420711543,folha_secundario_trafo
NODE#420711570,folha_secundario_trafo
NODE#420712167,folha_secundario_trafo
NODE#420712224,folha_secundario_trafo
NODE#420712227,folha_secundario_trafo
NODE#420712233,folha_secundario_trafo
NODE#420712269,folha_secundario_trafo
NODE#420712275,folha_secundario_trafo
NODE#420712314,folha_secundario_trafo
NODE#420712875,folha_secundario_trafo
NODE#420712884,folha_secundario_trafo
NODE#420712911,folha_secundario_trafo
NODE#420712971,folha_secundario_trafo
NODE#420713010,folha_secundario_trafo
NODE#424243361,ramificacao
NODE#424243362,ramificacao
NODE#424244008,ramificacao
NODE#424244242,passagem
NODE#424244263,ramificacao
NODE#424244272,ramificacao
NODE#424244397,ramificacao
NODE#424244448,ramificacao
NODE#424244588,ramificacao
NODE#424244608,ramificacao
NODE#424244738,ramificacao
NODE#424244917,ramificacao
NODE#424244987,ramificacao
NODE#424245026,ramificacao
NODE#424245027,folha_mt
NODE#424245112,ramificacao
NODE#424245131,ramificacao
NODE#424245231,ramificacao
NODE#424245315,passagem
NODE#424245316,ramificacao
NODE#424245336,ramificacao
NODE#424245346,passagem
NODE#424245360,ramificacao
NODE#424245371,ramificacao
NODE#424245380,ramificacao
NODE#424245391,passagem
NODE#424245471,ramificacao
NODE#424245571,ramificacao
NODE#424245711,ramificacao
NODE#424245856,ramificacao
NODE#424245900,ramificacao
NODE#424246001,ramificacao
NODE#424246254,passagem
NODE#424246255,passagem
NODE#424246330,passagem
NODE#424246399,ramificacao
NODE#424246419,ramificacao
NODE#424246504,passagem
NODE#424246570,ramificacao
NODE#424246619,passagem
NODE#424246698,ramificacao
NODE#424246704,passagem
NODE#424246718,ramificacao
NODE#424246733,ramificacao
NODE#424246773,ramificacao
NODE#424246789,ramificacao
NODE#424246834,ramificacao
NODE#424246849,passagem
NODE#424246874,ramificacao
NODE#424246944,ramificacao
NODE#424247013,ramificacao
NODE#424247099,ramificacao
NODE#424247104,passagem
NODE#424247148,ramificacao
NODE#424311643,ramificacao
NODE#424311644,passagem
NODE#424311649,passagem
NODE#424311694,ramificacao
NODE#424311703,ramificacao
NODE#424311709,passagem
NODE#424311738,passagem
NODE#424311784,ramificacao
NODE#424312122,ramificacao
NODE#424312248,passagem
NODE#424312287,passagem
NODE#424312288,ramificacao
NODE#424312348,passagem
NODE#424312862,passagem
NODE#424313018,passagem
NODE#424313022,ramificacao
NODE#433296879,ramificacao
NODE#433297643,ramificacao
NODE#433298263,passagem
NODE#433298264,passagem
NODE#433298383,ramificacao
NODE#433298573,ramificacao
NODE#433298604,passagem
NODE#433298739,ramificacao
NODE#433298914,folha_mt
NODE#433298918,ramificacao
NODE#433298919,passagem
NODE#433470798,passagem
NODE#433470858,ramificacao
NODE#433470943,passagem
NODE#433470953,passagem
NODE#433470988,ramificacao
NODE#433471004,passagem
NODE#433471159,passagem
NODE#433471163,ramificacao
NODE#433471319,ramificacao
NODE#433471359,passagem
NODE#433471373,ramificacao
NODE#433471389,passagem
NODE#433471424,ramificacao
NODE#433471583,ramificacao
NODE#433471648,ramificacao
NODE#433471649,passagem
NODE#433471813,passagem
NODE#433471903,ramificacao
NODE#433472213,passagem
NODE#433472219,passagem
NODE#433472239,passagem
NODE#433472249,passagem
NODE#433472273,ramificacao
NODE#433472318,ramificacao
NODE#433472319,ramificacao
NODE#433472419,passagem
NODE#433472689,passagem
NODE#433472718,ramificacao
NODE#433472719,passagem
NODE#433472744,passagem
NODE#433472879,ramificacao
NODE#433473032,passagem
NODE#433473033,passagem
NODE#433473112,ramificacao
NODE#433473177,ramificacao
NODE#433473272,ramificacao
NODE#433473312,ramificacao
NODE#433473407,passagem
NODE#433473492,ramificacao
NODE#433473497,ramificacao
NODE#433473503,passagem
NODE#433473788,ramificacao
NODE#433473807,ramificacao
NODE#433474013,passagem
NODE#433474377,passagem
NODE#433474378,ramificacao
NODE#433474382,ramificacao
NODE#433474383,ramificacao
NODE#433474482,ramificacao
NODE#433474647,ramificacao
NODE#433474657,ramificacao
NODE#433474663,ramificacao
NODE#433474943,ramificacao
NODE#433642874,passagem
NODE#433642918,ramificacao
NODE#434600282,passagem
NODE#434600283,ramificacao
NODE#434600303,passagem
NODE#434600393,passagem
NODE#434600423,ramificacao
NODE#434600447,passagem
NODE#434600717,passagem
NODE#434602944,ramificacao
NODE#434807045,ramificacao
NODE#434807180,passagem
NODE#434807181,ramificacao
NODE#434807211,ramificacao
NODE#434807366,passagem
NODE#434807426,passagem
NODE#434807435,ramificacao
NODE#434807516,ramificacao
NODE#434807531,passagem
NODE#434807535,ramificacao
NODE#439761896,ramificacao
NODE#439762066,ramificacao
NODE#439763061,passagem
NODE#439763635,ramificacao
NODE#439763715,passagem
NODE#442243318,folha_mt
NODE#442497626,ramificacao
NODE#442497631,ramificacao
NODE#442497632,ramificacao
NODE#442497646,ramificacao
NODE#442497677,passagem
NODE#442497686,ramificacao
NODE#442497692,ramificacao
NODE#442497697,ramificacao
NODE#442497727,ramificacao
NODE#442497746,ramificacao
NODE#442497747,passagem
NODE#442497752,ramificacao
NODE#442497782,ramificacao
NODE#442497906,ramificacao
NODE#442497917,ramificacao
NODE#442498027,ramificacao
NODE#442498126,ramificacao
NODE#442498157,passagem
NODE#442498247,ramificacao
NODE#442898403,passagem
NODE#442899901,ramificacao
NODE#442900187,passagem
NODE#444894785,ramificacao
NODE#444896747,ramificacao
NODE#444896762,ramificacao
NODE#444896763,ramificacao
NODE#444955624,passagem
NODE#444955668,ramificacao
NODE#444955884,ramificacao
NODE#444955889,passagem
NODE#444956008,ramificacao
NODE#444956059,ramificacao
NODE#444956393,ramificacao
NODE#444956399,folha_mt
NODE#444956499,ramificacao
NODE#444956544,passagem
NODE#444956603,ramificacao
NODE#444956604,ramificacao
NODE#444956724,passagem
NODE#444956789,passagem
NODE#444957008,ramificacao
NODE#445009331,passagem
NODE#445009337,ramificacao
NODE#445009506,ramificacao
NODE#445009507,ramificacao
NODE#445009512,ramificacao
NODE#445009587,passagem
NODE#445009607,ramificacao
NODE#445009746,ramificacao
NODE#445009957,passagem
NODE#445009961,ramificacao
NODE#445010091,ramificacao
NODE#445010191,ramificacao
NODE#445010192,passagem
NODE#445010272,passagem
NODE#445010391,ramificacao
NODE#445010502,ramificacao
NODE#445010512,passagem
NODE#445010637,passagem
NODE#445010711,ramificacao
NODE#445010712,ramificacao
NODE#445010727,passagem
NODE#445010762,passagem
NODE#445010782,passagem
NODE#445010792,ramificacao
NODE#445010976,ramificacao
NODE#445010992,ramificacao
NODE#445011032,passagem
NODE#445011037,ramificacao
NODE#445011077,ramificacao
NODE#445011107,passagem
NODE#445011352,ramificacao
NODE#445011432,passagem
NODE#445011447,passagem
NODE#445011547,passagem
NODE#445011621,ramificacao
NODE#445011771,passagem
NODE#445011831,passagem
NODE#445011866,passagem
NODE#445011875,ramificacao
NODE#445011950,ramificacao
NODE#445012056,ramificacao
NODE#445012146,ramificacao
NODE#445012251,passagem
NODE#445012260,ramificacao
NODE#445012600,ramificacao
NODE#445012806,passagem
NODE#445012811,passagem
NODE#445055941,passagem
NODE#445056380,passagem
NODE#460897598,folha_secundario_trafo
NODE#461992041,folha_secundario_trafo
NODE#463037376,folha_secundario_trafo
NODE#464498517,folha_secundario_trafo
NODE#482799214,folha_secundario_trafo
NODE#482897442,folha_secundario_trafo
NODE#483017037,folha_secundario_trafo
NODE#493621615,folha_secundario_trafo
NODE#494888282,folha_secundario_trafo
NODE#499843437,folha_secundario_trafo
NODE#513262275,folha_secundario_trafo
NODE#514761770,folha_secundario_trafo
NODE#534875323,folha_mt
NODE#534875324,folha_mt
NODE#534876953,folha_mt
NODE#535524313,folha_mt
NODE#535524517,folha_mt
NODE#535524538,folha_mt
NODE#535524539,folha_mt
NODE#536849755,folha_mt
NODE#536850935,folha_mt
NODE#537292171,folha_mt
NODE#537936452,folha_mt
NODE#537936510,folha_mt
NODE#537936980,folha_mt
NODE#728593057,folha_secundario_trafo
NODE#728593105,passagem
NODE#728593106,passagem
NODE#728593131,ramificacao
NODE#728593170,folha_secundario_trafo
NODE#728593187,passagem
NODE#829725397,folha_mt
NODE#910289359,folha_secundario_trafo
NODE#910289390,ramificacao
NODE#910289402,ramificacao
NODE#994575320,folha_mt
SEGM#194789369,origem
SEGM#194790109,folha_mt
