hora,p_ativa_kw,p_reativa_kvar,perdas_ativa_kw,perdas_reativa_kvar,tensao_min_pu,tensao_media_pu,tensao_max_pu
0,401.3729466681461,151.70152636338543,34.52959738762758,-2.3721258020066776,0.05351822011309038,0.9764248505462976,1.1632852101855116
1,395.0878922549497,148.98143454315039,34.40228412961477,-2.581507753075516,0.052269281460703206,0.9767977775946465,1.125225410217368
2,397.2347843547458,150.20943448554777,34.55638418302067,-2.0765990496435487,0.05531770857896782,0.9776387433833831,1.1206891852262892
3,386.7597545725696,145.37297828691754,34.246282290311726,-2.818068418181464,0.0523670593207342,0.9772575360758983,1.1378698940483316
4,382.4472429802249,143.53058892911665,34.16396285441304,-2.9134313116250588,0.05103901885697314,0.9774292202493207,1.1386685974837392
5,390.8012451602587,147.2718735509172,34.34943684714933,-2.463088475700994,0.05162189455097638,0.9762447824324386,1.179071289141547
6,274.33740082465255,97.07213715779508,32.79486535543247,-4.645422941918736,0.05148788680332066,0.9761629181108714,1.1935526676935624
7,282.57390484270934,100.77337485119614,32.926646201544855,-4.4157064955846455,0.055224904102905016,0.9764933630572661,1.1528740614327249
8,290.01708559522143,104.17858139758263,33.085196957146984,-4.016308517372421,0.0526049904653624,0.9772609424184444,1.2035698559357222
9,315.70821722953536,115.82857831571253,33.64138749043334,-2.632479977882421,0.050405640350471195,0.975777849779731,1.1765116776555065
10,313.93577933095224,114.55876008489918,33.44108237694829,-3.4143502572539,0.05299730821463952,0.9781980098044825,1.179755551220914
11,332.9028319811423,123.59850388728883,34.048576219737946,-1.6574651422963922,0.05262353630148136,0.9746808219394681,1.1733208744719148
12,321.01426497264924,117.80465252114213,33.622373918026,-2.924957983565873,0.05064781977181896,0.9725338044035864,1.2047034923235975
13,315.1733590109373,114.93171381418637,33.383664138591755,-3.640956976583615,0.05001185273389346,0.9736120150503816,1.1838013542496775
14,319.9072158630381,116.88025926338932,33.41237394841083,-3.667557776740201,0.050244724350320874,0.9736146743787979,1.181100398946014
15,333.13124681794244,123.24881787184601,33.87897396850253,-2.305609217955557,0.053771735011432856,0.9723826347979023,1.1999158842836484
16,324.7322197409249,118.80019842346455,33.44459334478784,-3.734745002340248,0.0562096751206009,0.9750382605434582,1.1981490069902403
17,327.2329087700397,119.71143429449096,33.48042704112002,-3.7033512956723675,0.05151306128478162,0.9693515406012526,1.2609188403700293
18,460.5139134037756,176.98673070426483,35.69901489462753,-0.6567030200087967,0.05626032852931935,0.9639456885584736,1.2959884232786143
19,460.0257764417176,177.4246215363324,35.928208602386846,0.24609519693051127,0.052058420084888986,0.9657568246205107,1.3201451736361547
20,457.726816202376,176.90808207008894,36.064214024525626,0.8863282387327733,0.05079152563395652,0.9622272739633438,1.3349442391690682
21,425.4448948172002,162.42262925243583,35.14274542854505,-1.0570426831308108,0.05050156161993377,0.966729312933337,1.2642834396483082
22,414.37973925256836,157.7453211324996,34.94471108969048,-1.3345953308628715,0.05323105046143114,0.9712968911903629,1.1923310561438596
23,401.37388503302725,151.70164339075092,34.52961651823727,-2.3721009946082843,0.0535181981462664,0.9764248554089097,1.1632852100016118
