barra,rf_ohm,distancia_real_km,distancia_estimada_km,erro_km
NODE#433472318,0.01,0.07721,0.08842211367154097,0.011212113671540971
NODE#433472318,5.0,0.07721,0.08835100584964391,0.011141005849643906
NODE#433472318,15.0,0.07721,0.08778317399857781,0.010573173998577809
NODE#433472318,25.0,0.07721,0.08664842018599822,0.00943842018599822
NODE#433472319,0.01,0.11782000000000001,0.13525972911794062,0.017439729117940617
NODE#433472319,5.0,0.11782000000000001,0.13518098577490262,0.01736098577490261
NODE#433472319,15.0,0.11782000000000001,0.13459785910770794,0.016777859107707932
NODE#433472319,25.0,0.11782000000000001,0.1334478165959486,0.015627816595948585
NODE#433471903,0.01,0.18406,0.21078816157439412,0.026728161574394116
NODE#433471903,5.0,0.18406,0.21070883419418282,0.02664883419418282
NODE#433471903,15.0,0.18406,0.21012453127328234,0.026064531273282343
NODE#433471903,25.0,0.18406,0.20897330760367278,0.024913307603672774
NODE#445011077,0.01,0.26378999999999997,0.30209557014139693,0.03830557014139696
NODE#445011077,5.0,0.26378999999999997,0.30200452731650607,0.0382145273165061
NODE#445011077,15.0,0.26378999999999997,0.3013967560167836,0.03760675601678365
NODE#445011077,25.0,0.26378999999999997,0.30022207441115745,0.03643207441115748
NODE#445011032,0.01,0.27346000000000004,0.16336218506401165,-0.11009781493598839
NODE#445011032,5.0,0.27346000000000004,0.1632693765279667,-0.11019062347203334
NODE#445011032,15.0,0.27346000000000004,0.16265808184850816,-0.11080191815149187
NODE#445011032,25.0,0.27346000000000004,0.16147989928349,-0.11198010071651004
NODE#433472273,0.01,0.28811,0.3307937929446998,0.04268379294469982
NODE#433472273,5.0,0.28811,0.33069417703833476,0.04258417703833478
NODE#433472273,15.0,0.28811,0.33006923467816507,0.04195923467816509
NODE#433472273,25.0,0.28811,0.3288773932373081,0.0407673932373081
NODE#445012146,0.01,0.30900999999999995,0.3538816103832653,0.04487161038326537
NODE#445012146,5.0,0.30900999999999995,0.3537825483009957,0.04477254830099575
NODE#445012146,15.0,0.30900999999999995,0.35315871309087393,0.04414871309087398
NODE#445012146,25.0,0.30900999999999995,0.35196797712057126,0.04295797712057131
NODE#445011107,0.01,0.40848999999999996,0.46780549534454835,0.059315495344548386
NODE#445011107,5.0,0.40848999999999996,0.467684984970067,0.05919498497006703
NODE#445011107,15.0,0.40848999999999996,0.46701818669361594,0.05852818669361598
NODE#445011107,25.0,0.40848999999999996,0.46578451463543963,0.057294514635439664
NODE#433472249,0.01,0.42688,0.49084228394810936,0.06396228394810938
NODE#433472249,5.0,0.42688,0.49071127772231704,0.06383127772231706
NODE#433472249,15.0,0.42688,0.4900234577814614,0.06314345778146141
NODE#433472249,25.0,0.42688,0.488768778339632,0.06188877833963202
NODE#445011547,0.01,0.47945999999999994,0.5490789498439359,0.06961894984393596
NODE#445011547,5.0,0.47945999999999994,0.5489390977640283,0.06947909776402833
NODE#445011547,15.0,0.47945999999999994,0.5482335596325889,0.06877355963258897
NODE#445011547,25.0,0.47945999999999994,0.5469611743951016,0.06750117439510167
