fator_carregamento,metodo,barra,distancia_real_km,distancia_estimada_km,erro_km
1,Reatância compensada e corrigida,NODE#1194264563,0.72932,0.729162612137701,-0.0001573878622990188
1,Takagi compensado,NODE#1194264563,0.72932,0.7209092571828741,-0.008410742817125838
1,Reatância compensada e corrigida,NODE#1856060650,0.36872,0.36863854149288905,-8.145850711094305e-05
1,Takagi compensado,NODE#1856060650,0.36872,0.360440290746888,-0.008279709253112
1,Reatância compensada e corrigida,NODE#433472213,0.0627,0.036766815482489626,-0.02593318451751038
1,Takagi compensado,NODE#433472213,0.0627,-0.031926208407657364,-0.09462620840765737
1,Reatância compensada e corrigida,NODE#433472239,0.17034,0.10033477783260532,-0.07000522216739467
1,Takagi compensado,NODE#433472239,0.17034,-0.021584834576176704,-0.1919248345761767
1,Reatância compensada e corrigida,NODE#433472689,0.9646699999999999,0.8683505542586518,-0.0963194457413481
1,Takagi compensado,NODE#433472689,0.9646699999999999,0.7807717840957094,-0.18389821590429056
1,Reatância compensada e corrigida,NODE#433472718,0.72732,0.7271823415496833,-0.0001376584503166578
1,Takagi compensado,NODE#433472718,0.72732,0.7189364939102916,-0.008383506089708392
1,Reatância compensada e corrigida,NODE#433472719,0.74744,0.7472969403318931,-0.00014305966810690407
1,Takagi compensado,NODE#433472719,0.74744,0.739047390336355,-0.008392609663644968
1,Reatância compensada e corrigida,NODE#433473112,0.6994699999999999,0.6993119050821953,-0.0001580949178046076
1,Takagi compensado,NODE#433473112,0.6994699999999999,0.6910609813176402,-0.00840901868235977
1,Reatância compensada e corrigida,NODE#433473407,0.7943799999999999,0.7549481315663652,-0.039431868433634665
1,Takagi compensado,NODE#433473407,0.7943799999999999,0.6550373281446448,-0.1393426718553551
1,Reatância compensada e corrigida,NODE#445010391,0.39320999999999995,0.393125638920087,-8.43610799129424e-05
1,Takagi compensado,NODE#445010391,0.39320999999999995,0.3849234451198268,-0.008286554880173158
1,Reatância compensada e corrigida,NODE#445010711,0.17872,0.17868758450663658,-3.241549336341354e-05
1,Takagi compensado,NODE#445010711,0.17872,0.17051962449331873,-0.008200375506681262
1,Reatância compensada e corrigida,NODE#445010712,0.21972,0.21967959514116273,-4.040485883727296e-05
1,Takagi compensado,NODE#445010712,0.21972,0.2115061547196414,-0.008213845280358595
1,Reatância compensada e corrigida,NODE#445010762,1.04941,1.049146147285475,-0.00026385271452489256
1,Takagi compensado,NODE#445010762,1.04941,1.0408412746701938,-0.008568725329806126
1,Reatância compensada e corrigida,NODE#445010976,0.8706299999999999,0.8704055725935238,-0.00022442740647610204
1,Takagi compensado,NODE#445010976,0.8706299999999999,0.8621261309639412,-0.008503869036058709
1,Reatância compensada e corrigida,NODE#445010992,0.64077,0.6406135699253153,-0.00015643007468468806
1,Takagi compensado,NODE#445010992,0.64077,0.6323700545399737,-0.008399945460026204
1,Reatância compensada e corrigida,NODE#445011621,0.52801,0.5278851877239449,-0.00012481227605509737
1,Takagi compensado,NODE#445011621,0.52801,0.5196613353326335,-0.008348664667366501
1,Reatância compensada e corrigida,NODE#445011831,0.6045499999999999,0.5727468501979845,-0.031803149802015374
1,Takagi compensado,NODE#445011831,0.6045499999999999,0.4906172711915206,-0.11393272880847932
1,Reatância compensada e corrigida,NODE#445011866,1.00467,0.8917495940412332,-0.11292040595876673
1,Takagi compensado,NODE#445011866,1.00467,0.7655467569390815,-0.23912324306091848
2,Reatância compensada e corrigida,NODE#1194264563,0.72932,0.7291374478245498,-0.0001825521754501569
2,Takagi compensado,NODE#1194264563,0.72932,0.7208869596627127,-0.008433040337287312
2,Reatância compensada e corrigida,NODE#1856060650,0.36872,0.3686260418065744,-9.395819342561396e-05
2,Takagi compensado,NODE#1856060650,0.36872,0.3604270252388945,-0.008292974761105465
2,Reatância compensada e corrigida,NODE#433472213,0.0627,0.036766123936308966,-0.02593387606369104
2,Takagi compensado,NODE#433472213,0.0627,-0.031919281171391006,-0.09461928117139101
2,Reatância compensada e corrigida,NODE#433472239,0.17034,0.10033246108725334,-0.07000753891274665
2,Takagi compensado,NODE#433472239,0.17034,-0.02157403652477553,-0.1919140365247755
2,Reatância compensada e corrigida,NODE#433472689,0.9646699999999999,0.86831942150717,-0.09635057849282991
2,Takagi compensado,NODE#433472689,0.9646699999999999,0.7807613121663135,-0.1839086878336864
2,Reatância compensada e corrigida,NODE#433472718,0.72732,0.7271424894129447,-0.0001775105870552851
2,Takagi compensado,NODE#433472718,0.72732,0.7188860482273839,-0.008433951772616077
2,Reatância compensada e corrigida,NODE#433472719,0.74744,0.7472554397404155,-0.00018456025958446531
2,Takagi compensado,NODE#433472719,0.74744,0.7389959737321653,-0.008444026267834692
2,Reatância compensada e corrigida,NODE#433473112,0.6994699999999999,0.6993026517725659,-0.00016734822743402766
2,Takagi compensado,NODE#433473112,0.6994699999999999,0.6910510938641382,-0.008418906135861715
2,Reatância compensada e corrigida,NODE#433473407,0.7943799999999999,0.7549693287655288,-0.03941067123447106
2,Takagi compensado,NODE#433473407,0.7943799999999999,0.6550844899181534,-0.13929551008184649
2,Reatância compensada e corrigida,NODE#445010391,0.39320999999999995,0.3931366084390317,-7.339156096825006e-05
2,Takagi compensado,NODE#445010391,0.39320999999999995,0.38493945378418737,-0.00827054621581258
2,Reatância compensada e corrigida,NODE#445010711,0.17872,0.17868811450148617,-3.188549851382283e-05
2,Takagi compensado,NODE#445010711,0.17872,0.17052166654064796,-0.00819833345935203
2,Reatância compensada e corrigida,NODE#445010712,0.21972,0.21967987501610883,-4.012498389116548e-05
2,Takagi compensado,NODE#445010712,0.21972,0.21150782886417166,-0.008212171135828339
2,Reatância compensada e corrigida,NODE#445010762,1.04941,1.049103469593594,-0.000306530406406047
2,Takagi compensado,NODE#445010762,1.04941,1.0407882216161322,-0.008621778383867795
2,Reatância compensada e corrigida,NODE#445010976,0.8706299999999999,0.8703610097787314,-0.0002689902212684725
2,Takagi compensado,NODE#445010976,0.8706299999999999,0.8620705787092915,-0.008559421290708413
2,Reatância compensada e corrigida,NODE#445010992,0.64077,0.6405931847626799,-0.00017681523732004933
2,Takagi compensado,NODE#445010992,0.64077,0.6323450319583556,-0.008424968041644387
2,Reatância compensada e corrigida,NODE#445011621,0.52801,0.5278729174672356,-0.00013708253276434323
2,Takagi compensado,NODE#445011621,0.52801,0.5196465255204326,-0.008363474479567423
2,Reatância compensada e corrigida,NODE#445011831,0.6045499999999999,0.572745976160913,-0.03180402383908687
2,Takagi compensado,NODE#445011831,0.6045499999999999,0.4906218831881587,-0.11392811681184123
2,Reatância compensada e corrigida,NODE#445011866,1.00467,0.8916995346016022,-0.11297046539839772
2,Takagi compensado,NODE#445011866,1.00467,0.7654881983838171,-0.23918180161618285
4,Reatância compensada e corrigida,NODE#1194264563,0.72932,0.7289971608789168,-0.0003228391210832182
4,Takagi compensado,NODE#1194264563,0.72932,0.7207137831484933,-0.008606216851506643
4,Reatância compensada e corrigida,NODE#1856060650,0.36872,0.3686432413702894,-7.675862971057157e-05
4,Takagi compensado,NODE#1856060650,0.36872,0.36045596297575727,-0.00826403702424272
4,Reatância compensada e corrigida,NODE#433472213,0.0627,0.03674817024514947,-0.02595182975485054
4,Takagi compensado,NODE#433472213,0.0627,-0.031904590640547854,-0.09460459064054785
4,Reatância compensada e corrigida,NODE#433472239,0.17034,0.10030569377884957,-0.07003430622115042
4,Takagi compensado,NODE#433472239,0.17034,-0.021549120261350065,-0.19188912026135005
4,Reatância compensada e corrigida,NODE#433472689,0.9646699999999999,0.868237397585735,-0.09643260241426488
4,Takagi compensado,NODE#433472689,0.9646699999999999,0.7807138185860757,-0.18395618141392422
4,Reatância compensada e corrigida,NODE#433472718,0.72732,0.7270905766326232,-0.0002294233673767465
4,Takagi compensado,NODE#433472718,0.72732,0.71883402812774,-0.008485971872259968
4,Reatância compensada e corrigida,NODE#433472719,0.74744,0.7472093349508953,-0.00023066504910473906
4,Takagi compensado,NODE#433472719,0.74744,0.7389454970437292,-0.008494502956270744
4,Reatância compensada e corrigida,NODE#433473112,0.6994699999999999,0.6992651615732205,-0.0002048384267794301
4,Takagi compensado,NODE#433473112,0.6994699999999999,0.6910102478615455,-0.008459752138454402
4,Reatância compensada e corrigida,NODE#433473407,0.7943799999999999,0.7549469101518057,-0.03943308984819416
4,Takagi compensado,NODE#433473407,0.7943799999999999,0.6551074525149959,-0.13927254748500395
4,Reatância compensada e corrigida,NODE#445010391,0.39320999999999995,0.39311558727571305,-9.44127242868964e-05
4,Takagi compensado,NODE#445010391,0.39320999999999995,0.38491472233012763,-0.008295277669872314
4,Reatância compensada e corrigida,NODE#445010711,0.17872,0.17868701392360697,-3.298607639301565e-05
4,Takagi compensado,NODE#445010711,0.17872,0.17052267103565716,-0.008197328964342832
4,Reatância compensada e corrigida,NODE#445010712,0.21972,0.21967129686200937,-4.8703137990629974e-05
4,Takagi compensado,NODE#445010712,0.21972,0.21149914612447682,-0.008220853875523182
4,Reatância compensada e corrigida,NODE#445010762,1.04941,1.0490235397383991,-0.00038646026160082947
4,Takagi compensado,NODE#445010762,1.04941,1.0406857672207892,-0.00872423277921075
4,Reatância compensada e corrigida,NODE#445010976,0.8706299999999999,0.8703445493566131,-0.0002854506433868087
4,Takagi compensado,NODE#445010976,0.8706299999999999,0.8620531911103966,-0.008576808889603327
4,Reatância compensada e corrigida,NODE#445010992,0.64077,0.6406435866694202,-0.00012641333057972215
4,Takagi compensado,NODE#445010992,0.64077,0.6324132420580754,-0.008356757941924586
4,Reatância compensada e corrigida,NODE#445011621,0.52801,0.5279073186751864,-0.0001026813248136138
4,Takagi compensado,NODE#445011621,0.52801,0.5196953710854951,-0.008314628914504851
4,Reatância compensada e corrigida,NODE#445011831,0.6045499999999999,0.5727878272533695,-0.0317621727466304
4,Takagi compensado,NODE#445011831,0.6045499999999999,0.49068094343072305,-0.11386905656927687
4,Reatância compensada e corrigida,NODE#445011866,1.00467,0.8916315835625338,-0.11303841643746615
4,Takagi compensado,NODE#445011866,1.00467,0.7654562555688085,-0.23921374443119148
6,Reatância compensada e corrigida,NODE#1194264563,0.72932,0.72897008419383,-0.00034991580616994256
6,Takagi compensado,NODE#1194264563,0.72932,0.7206798871980105,-0.008640112801989508
6,Reatância compensada e corrigida,NODE#1856060650,0.36872,0.36864466896461945,-7.533103538054364e-05
6,Takagi compensado,NODE#1856060650,0.36872,0.360458849062992,-0.008261150937007966
6,Reatância compensada e corrigida,NODE#433472213,0.0627,0.036749313873263315,-0.02595068612673669
6,Takagi compensado,NODE#433472213,0.0627,-0.03190979232606794,-0.09460979232606795
6,Reatância compensada e corrigida,NODE#433472239,0.17034,0.10029296791572774,-0.07004703208427225
6,Takagi compensado,NODE#433472239,0.17034,-0.02156879580503131,-0.1919087958050313
6,Reatância compensada e corrigida,NODE#433472689,0.9646699999999999,0.8679712963409357,-0.09669870365906419
6,Takagi compensado,NODE#433472689,0.9646699999999999,0.7803896873429338,-0.18428031265706613
6,Reatância compensada e corrigida,NODE#433472718,0.72732,0.7269082720789614,-0.0004117279210386071
6,Takagi compensado,NODE#433472718,0.72732,0.7186137923430566,-0.00870620765694341
6,Reatância compensada e corrigida,NODE#433472719,0.74744,0.7470059810406554,-0.00043401895934458423
6,Takagi compensado,NODE#433472719,0.74744,0.7387065855972959,-0.008733414402704143
6,Reatância compensada e corrigida,NODE#433473112,0.6994699999999999,0.6989744223080981,-0.0004955776919017829
6,Takagi compensado,NODE#433473112,0.6994699999999999,0.6906638554394637,-0.008806144560536189
6,Reatância compensada e corrigida,NODE#433473407,0.7943799999999999,0.7547450878516505,-0.039634912148349355
6,Takagi compensado,NODE#433473407,0.7943799999999999,0.6549019928248683,-0.1394780071751316
6,Reatância compensada e corrigida,NODE#445010391,0.39320999999999995,0.39308940913906226,-0.000120590860937686
6,Takagi compensado,NODE#445010391,0.39320999999999995,0.3848875807581992,-0.008322419241800771
6,Reatância compensada e corrigida,NODE#445010711,0.17872,0.178686703963385,-3.329603661497704e-05
6,Takagi compensado,NODE#445010711,0.17872,0.17052627365217304,-0.008193726347826946
6,Reatância compensada e corrigida,NODE#445010712,0.21972,0.21966649279449296,-5.350720550703625e-05
6,Takagi compensado,NODE#445010712,0.21972,0.21149603260123895,-0.00822396739876105
6,Reatância compensada e corrigida,NODE#445010762,1.04941,1.0489289451693082,-0.0004810548306917184
6,Takagi compensado,NODE#445010762,1.04941,1.0405782085328488,-0.008831791467151184
6,Reatância compensada e corrigida,NODE#445010976,0.8706299999999999,0.8702855483839015,-0.0003444516160984179
6,Takagi compensado,NODE#445010976,0.8706299999999999,0.8619823562499963,-0.008647643750003597
6,Reatância compensada e corrigida,NODE#445010992,0.64077,0.6405543361718995,-0.00021566382810045415
6,Takagi compensado,NODE#445010992,0.64077,0.6323009154661553,-0.00846908453384465
6,Reatância compensada e corrigida,NODE#445011621,0.52801,0.5278463250893087,-0.00016367491069124718
6,Takagi compensado,NODE#445011621,0.52801,0.5196162582278026,-0.008393741772197427
6,Reatância compensada e corrigida,NODE#445011831,0.6045499999999999,0.5726929926387796,-0.031857007361220324
6,Takagi compensado,NODE#445011831,0.6045499999999999,0.49059123072812666,-0.11395876927187326
6,Reatância compensada e corrigida,NODE#445011866,1.00467,0.8917054257397093,-0.1129645742602906
6,Takagi compensado,NODE#445011866,1.00467,0.7656129404072516,-0.23905705959274837
