barra,metodo,distancia_real_km,distancia_estimada_km,rotulo_metodo,erro_km
NODE#1194264563,original_sem_carga,0.72932,1.7343374051175853,"Sem compensação, sem cargas",1.0050174051175853
NODE#1194264563,compensado_sem_carga,0.72932,0.5805228591226076,"Compensação K0, sem cargas",-0.14879714087739238
NODE#1194264563,compensado_corrigido_sem_carga,0.72932,0.7291833521576918,"Compensação K0 + correção exata do offset, sem cargas",-0.0001366478423081574
NODE#1194264563,original_com_carga,0.72932,1.7341657625374178,"Sem compensação, com cargas",1.0048457625374179
NODE#1194264563,compensado_com_carga,0.72932,0.5805025922824917,"Compensação K0, com cargas",-0.1488174077175083
NODE#1856060650,original_sem_carga,0.36872,0.876819965248063,"Sem compensação, sem cargas",0.5080999652480631
NODE#1856060650,compensado_sem_carga,0.36872,0.2902508832004156,"Compensação K0, sem cargas",-0.0784691167995844
NODE#1856060650,compensado_corrigido_sem_carga,0.36872,0.36865022743005466,"Compensação K0 + correção exata do offset, sem cargas",-6.977256994533665e-05
NODE#1856060650,original_com_carga,0.36872,0.8767397860988463,"Sem compensação, com cargas",0.5080197860988462
NODE#1856060650,compensado_com_carga,0.36872,0.29023885323357085,"Compensação K0, com cargas",-0.07848114676642914
NODE#433472213,original_sem_carga,0.0627,0.08744741246680189,"Sem compensação, sem cargas",0.024747412466801885
NODE#433472213,compensado_sem_carga,0.0627,-0.025716132932119447,"Compensação K0, sem cargas",-0.08841613293211945
NODE#433472213,compensado_corrigido_sem_carga,0.0627,0.03676760874192678,"Compensação K0 + correção exata do offset, sem cargas",-0.02593239125807323
NODE#433472213,original_com_carga,0.0627,0.08744471006025768,"Sem compensação, com cargas",0.024744710060257677
NODE#433472213,compensado_com_carga,0.0627,-0.025716182988162292,"Compensação K0, com cargas",-0.0884161829881623
NODE#433472239,original_sem_carga,0.17034,0.23864190540237626,"Sem compensação, sem cargas",0.06830190540237627
NODE#433472239,compensado_sem_carga,0.17034,-0.01739478890553802,"Compensação K0, sem cargas",-0.18773478890553802
NODE#433472239,compensado_corrigido_sem_carga,0.17034,0.10033722203464172,"Compensação K0 + correção exata do offset, sem cargas",-0.07000277796535827
NODE#433472239,original_com_carga,0.17034,0.23863441076417533,"Sem compensação, com cargas",0.06829441076417533
NODE#433472239,compensado_com_carga,0.17034,-0.017395073558362773,"Compensação K0, com cargas",-0.18773507355836277
NODE#433472689,original_sem_carga,0.9646699999999999,2.0653320002185764,"Sem compensação, sem cargas",1.1006620002185765
NODE#433472689,compensado_sem_carga,0.9646699999999999,0.6287021161190126,"Compensação K0, sem cargas",-0.3359678838809873
NODE#433472689,compensado_corrigido_sem_carga,0.9646699999999999,0.8683561747844164,"Compensação K0 + correção exata do offset, sem cargas",-0.09631382521558352
NODE#433472689,original_com_carga,0.9646699999999999,2.0650296165737863,"Sem compensação, com cargas",1.1003596165737863
NODE#433472689,compensado_com_carga,0.9646699999999999,0.628648350260446,"Compensação K0, com cargas",-0.33602164973955395
NODE#433472718,original_sem_carga,0.72732,1.7295814270343652,"Sem compensação, sem cargas",1.0022614270343653
NODE#433472718,compensado_sem_carga,0.72732,0.5789129441342326,"Compensação K0, sem cargas",-0.1484070558657674
NODE#433472718,compensado_corrigido_sem_carga,0.72732,0.7271837595659992,"Compensação K0 + correção exata do offset, sem cargas",-0.00013624043400073393
NODE#433472718,original_com_carga,0.72732,1.7294015775734157,"Sem compensação, com cargas",1.0020815775734158
NODE#433472718,compensado_com_carga,0.72732,0.5788805666185954,"Compensação K0, com cargas",-0.14843943338140453
NODE#433472719,original_sem_carga,0.74744,1.7774266324746466,"Sem compensação, sem cargas",1.0299866324746465
NODE#433472719,compensado_sem_carga,0.74744,0.5951087199689318,"Compensação K0, sem cargas",-0.15233128003106822
NODE#433472719,compensado_corrigido_sem_carga,0.74744,0.7472996840512746,"Compensação K0 + correção exata do offset, sem cargas",-0.00014031594872543351
NODE#433472719,original_com_carga,0.74744,1.7772268100417798,"Sem compensação, com cargas",1.02978681004178
NODE#433472719,compensado_com_carga,0.74744,0.5950742382109636,"Compensação K0, com cargas",-0.15236576178903638
NODE#433473112,original_sem_carga,0.6994699999999999,1.663354313616745,"Sem compensação, sem cargas",0.9638843136167451
NODE#433473112,compensado_sem_carga,0.6994699999999999,0.5564948093935047,"Compensação K0, sem cargas",-0.14297519060649522
NODE#433473112,compensado_corrigido_sem_carga,0.6994699999999999,0.6993393835780959,"Compensação K0 + correção exata do offset, sem cargas",-0.00013061642190403955
NODE#433473112,original_com_carga,0.6994699999999999,1.663121286761698,"Sem compensação, com cargas",0.9636512867616981
NODE#433473112,compensado_com_carga,0.6994699999999999,0.5564535369831367,"Compensação K0, com cargas",-0.14301646301686322
NODE#433473407,original_sem_carga,0.7943799999999999,1.7957066938060742,"Sem compensação, sem cargas",1.0013266938060743
NODE#433473407,compensado_sem_carga,0.7943799999999999,0.5274919516243708,"Compensação K0, sem cargas",-0.26688804837562907
NODE#433473407,compensado_corrigido_sem_carga,0.7943799999999999,0.7549943301305665,"Compensação K0 + correção exata do offset, sem cargas",-0.03938566986943337
NODE#433473407,original_com_carga,0.7943799999999999,1.7952572901622812,"Sem compensação, com cargas",1.0008772901622813
NODE#433473407,compensado_com_carga,0.7943799999999999,0.52743577957664,"Compensação K0, com cargas",-0.26694422042335986
NODE#445010391,original_sem_carga,0.39320999999999995,0.9350626022723642,"Sem compensação, sem cargas",0.5418526022723642
NODE#445010391,compensado_sem_carga,0.39320999999999995,0.30996583358187624,"Compensação K0, sem cargas",-0.08324416641812371
NODE#445010391,compensado_corrigido_sem_carga,0.39320999999999995,0.39313766528314137,"Compensação K0 + correção exata do offset, sem cargas",-7.233471685857973e-05
NODE#445010391,original_com_carga,0.39320999999999995,0.9349752141521679,"Sem compensação, com cargas",0.5417652141521679
NODE#445010391,compensado_com_carga,0.39320999999999995,0.3099612189249021,"Compensação K0, com cargas",-0.08324878107509787
NODE#445010711,original_sem_carga,0.17872,0.4250007536066721,"Sem compensação, sem cargas",0.24628075360667212
NODE#445010711,compensado_sem_carga,0.17872,0.13730733291479255,"Compensação K0, sem cargas",-0.04141266708520744
NODE#445010711,compensado_corrigido_sem_carga,0.17872,0.17868759861196046,"Compensação K0 + correção exata do offset, sem cargas",-3.240138803953241e-05
NODE#445010711,original_com_carga,0.17872,0.4249756821544897,"Sem compensação, com cargas",0.24625568215448973
NODE#445010711,compensado_com_carga,0.17872,0.13730823004904502,"Compensação K0, com cargas",-0.04141176995095497
NODE#445010712,original_sem_carga,0.21972,0.5224988048794443,"Sem compensação, sem cargas",0.3027788048794443
NODE#445010712,compensado_sem_carga,0.21972,0.17031110726741316,"Compensação K0, sem cargas",-0.049408892732586834
NODE#445010712,compensado_corrigido_sem_carga,0.21972,0.219679653604862,"Compensação K0 + correção exata do offset, sem cargas",-4.034639513800231e-05
NODE#445010712,original_com_carga,0.21972,0.5224638143527447,"Sem compensação, com cargas",0.30274381435274467
NODE#445010712,compensado_com_carga,0.21972,0.17030946749444867,"Compensação K0, com cargas",-0.04941053250555133
NODE#445010762,original_sem_carga,1.04941,2.4955109713131804,"Sem compensação, sem cargas",1.4461009713131805
NODE#445010762,compensado_sem_carga,1.04941,0.8381827882733074,"Compensação K0, sem cargas",-0.21122721172669257
NODE#445010762,compensado_corrigido_sem_carga,1.04941,1.0492087492789222,"Compensação K0 + correção exata do offset, sem cargas",-0.00020125072107779474
NODE#445010762,original_com_carga,1.04941,2.4952017091612064,"Sem compensação, com cargas",1.4457917091612065
NODE#445010762,compensado_com_carga,1.04941,0.8381370949985547,"Compensação K0, com cargas",-0.21127290500144524
NODE#445010976,original_sem_carga,0.8706299999999999,2.0703735947377595,"Sem compensação, sem cargas",1.1997435947377597
NODE#445010976,compensado_sem_carga,0.8706299999999999,0.6942727249091698,"Compensação K0, sem cargas",-0.1763572750908301
NODE#445010976,compensado_corrigido_sem_carga,0.8706299999999999,0.8704654241155809,"Compensação K0 + correção exata do offset, sem cargas",-0.00016457588441898263
NODE#445010976,original_com_carga,0.8706299999999999,2.0701522797015683,"Sem compensação, com cargas",1.1995222797015686
NODE#445010976,compensado_com_carga,0.8706299999999999,0.6942434460327293,"Compensação K0, com cargas",-0.17638655396727065
NODE#445010992,original_sem_carga,0.64077,1.5237648030424387,"Sem compensação, sem cargas",0.8829948030424387
NODE#445010992,compensado_sem_carga,0.64077,0.5092433151521009,"Compensação K0, sem cargas",-0.1315266848478991
NODE#445010992,compensado_corrigido_sem_carga,0.64077,0.6406506873334337,"Compensação K0 + correção exata do offset, sem cargas",-0.0001193126665662847
NODE#445010992,original_com_carga,0.64077,1.5237472323022228,"Sem compensação, com cargas",0.8829772323022228
NODE#445010992,compensado_com_carga,0.64077,0.5092431366186398,"Compensação K0, com cargas",-0.1315268633813601
NODE#445011621,original_sem_carga,0.52801,1.2556195395067866,"Sem compensação, sem cargas",0.7276095395067866
NODE#445011621,compensado_sem_carga,0.52801,0.41847548595531436,"Compensação K0, sem cargas",-0.10953451404468562
NODE#445011621,compensado_corrigido_sem_carga,0.52801,0.5279121890843084,"Compensação K0 + correção exata do offset, sem cargas",-9.78109156916096e-05
NODE#445011621,original_com_carga,0.52801,1.2556031742935694,"Sem compensação, com cargas",0.7275931742935694
NODE#445011621,compensado_com_carga,0.52801,0.41847552703178825,"Compensação K0, com cargas",-0.10953447296821173
NODE#445011831,original_sem_carga,0.6045499999999999,1.3623677125166955,"Sem compensação, sem cargas",0.7578177125166956
NODE#445011831,compensado_sem_carga,0.6045499999999999,0.3950915768258426,"Compensação K0, sem cargas",-0.2094584231741573
NODE#445011831,compensado_corrigido_sem_carga,0.6045499999999999,0.5727961332628356,"Compensação K0 + correção exata do offset, sem cargas",-0.031753866737164294
NODE#445011831,original_com_carga,0.6045499999999999,1.362198124058924,"Sem compensação, com cargas",0.7576481240589241
NODE#445011831,compensado_com_carga,0.6045499999999999,0.39506724712153746,"Compensação K0, com cargas",-0.20948275287846246
NODE#445011866,original_sem_carga,1.00467,2.121116638344575,"Sem compensação, sem cargas",1.1164466383445752
NODE#445011866,compensado_sem_carga,1.00467,0.6164793703922083,"Compensação K0, sem cargas",-0.3881906296077916
NODE#445011866,compensado_corrigido_sem_carga,1.00467,0.8918114690368516,"Compensação K0 + correção exata do offset, sem cargas",-0.11285853096314835
NODE#445011866,original_com_carga,1.00467,2.1208287833538746,"Sem compensação, com cargas",1.1161587833538746
NODE#445011866,compensado_com_carga,1.00467,0.6164323170915442,"Compensação K0, com cargas",-0.38823768290845573
