barra,fase,distancia_real_km,distancia_estimada_km
100#1086940520,1,6.938489999999998,6.8801563159630374
100#1087223788,1,7.589639999999999,7.52213113123961
100#207301442,1,0.001,-0.00721366064032514
100#351815192,1,0.79677,0.7878309182262659
NODE#1023251613,1,6.216569999999999,6.173304943621082
NODE#1136793634,1,5.621509999999999,5.597025310874103
NODE#118744227,1,5.55403,5.5313248647666295
NODE#1194264563,1,8.079340000000002,8.020727148413794
NODE#119540197,1,4.77788,4.753897606559314
NODE#124637383,1,7.67588,7.624512703686438
NODE#125828784,1,4.403689999999999,4.389486687510877
NODE#127325960,1,6.062929999999999,6.033779973761568
NODE#127688187,1,5.91423,5.886586516963245
NODE#127690257,1,6.565539999999999,6.525802629581927
NODE#1361434537,1,5.62136,5.585005197344665
NODE#1361434538,1,5.6943600000000005,5.657326879091516
NODE#1600635845,1,0.5360699999999999,0.5276839176887085
NODE#1856060650,1,7.71874,7.639940329193926
NODE#190549085,1,4.91171,4.88934673221411
NODE#190549115,1,2.7870499999999994,2.7763843038088223
NODE#1981522710,3,6.4442499999999985,5.91296221233867
NODE#1981522711,3,6.668249999999999,5.934575304437851
NODE#1987035704,1,5.761609999999999,5.7285574181400545
NODE#2015114208,1,7.32202,7.258885640751872
NODE#2316029020,1,2.4196299999999997,2.4099408469745067
NODE#2488240309,1,4.407119999999999,4.383105052058247
NODE#2566408161,1,0.75063,0.7418773896484886
NODE#2566408162,1,0.79063,0.7816247180007538
NODE#424243361,1,0.69963,0.6911935589598649
NODE#424243362,1,0.7175199999999999,0.7090723735146158
NODE#424244008,1,0.04806,0.039828874403343796
NODE#424244242,1,1.3204200000000001,1.3089563231725214
NODE#424244263,1,1.4733900000000002,1.4646376684238473
NODE#424244272,1,1.4143000000000001,1.4055733162796171
NODE#424244397,1,1.56075,1.5519561861850617
NODE#424244448,1,0.7808999999999999,0.7721606774210412
NODE#424244588,1,1.99325,1.9842403651107339
NODE#424244608,1,1.7570400000000002,1.748150510679901
NODE#424244738,1,1.84925,1.8403137537293808
NODE#424244917,1,1.28851,1.2769376595598514
NODE#424244987,1,2.23263,2.223463614550984
NODE#424245026,1,1.42415,1.415248313027685
NODE#424245027,1,1.43533,1.4263311641682195
NODE#424245112,1,3.1474699999999993,3.13618976660215
NODE#424245131,1,4.180729999999999,4.159023850831734
NODE#424245231,1,4.87442,4.853219064255694
NODE#424245315,1,4.677639999999999,4.659015920094257
NODE#424245316,1,4.6386899999999995,4.620629313600933
NODE#424245336,1,4.645969999999999,4.627862065478236
NODE#424245346,1,4.6781299999999995,4.659602939763808
NODE#424245360,1,4.60828,4.590689100926758
NODE#424245371,1,5.43218,5.404830492830707
NODE#424245380,1,4.51999,4.502962569346388
NODE#424245391,1,4.52706,4.512747694437918
NODE#424245471,1,5.51763,5.495347457831182
NODE#424245571,1,1.6112000000000002,1.6023827359938994
NODE#424245711,1,2.5753099999999995,2.565896611404711
NODE#424245856,1,2.7102599999999994,2.7007290848924845
NODE#424245900,1,2.7420899999999993,2.732517867164827
NODE#424246001,1,2.9631599999999993,2.9531587547654707
NODE#424246254,1,4.330699999999999,3.999517666755254
NODE#424246255,1,4.3607,4.021309915683932
NODE#424246330,1,4.431429999999999,4.051485671780193
NODE#424246399,1,3.481629999999999,3.4704002302530195
NODE#424246419,1,4.113049999999999,4.096068028107595
NODE#424246504,1,5.63509,5.602473675170556
NODE#424246570,1,5.57684,5.545488273773225
NODE#424246619,1,5.634399999999999,5.602164622886922
NODE#424246698,1,7.079559999999999,7.013192684597485
NODE#424246704,1,7.220489999999999,7.152043476763676
NODE#424246718,1,6.885599999999999,6.826861090985093
NODE#424246733,1,6.064009999999999,6.02379400396792
NODE#424246773,1,5.2657799999999995,5.239733517766988
NODE#424246789,1,4.59496,4.57749296833203
NODE#424246834,1,5.567269999999999,5.536636529844874
NODE#424246849,1,7.410889999999999,7.342350794855804
NODE#424246874,1,7.2895199999999996,7.222694498931819
NODE#424246944,1,5.663159999999999,5.638365979439367
NODE#424247013,1,5.378469999999999,5.356815757391984
NODE#424247099,1,5.360259999999999,5.338464917455142
NODE#424247104,1,7.786979999999999,7.726128340999329
NODE#424247148,1,5.09502,5.075651826076639
NODE#424311643,1,5.68976,5.662147913085088
NODE#424311644,1,5.717219999999999,5.689775184273687
NODE#424311649,1,5.7119599999999995,5.684658342037272
NODE#424311694,1,4.851170000000001,4.833931602820349
NODE#424311703,1,5.5661,5.540069588019921
NODE#424311709,1,5.59678,5.5705170153834525
NODE#424311738,1,5.53703,5.511650515980754
NODE#424311784,1,5.396509999999999,5.365897122202253
NODE#424312122,1,4.88935,4.867318977487916
NODE#424312248,1,6.891259999999999,6.828056268496155
NODE#424312287,1,6.695869999999998,6.639212715450331
NODE#424312288,1,6.6686999999999985,6.613978701352377
NODE#424312348,1,5.86389,5.61704466573053
NODE#424312862,1,6.749969999999999,6.695550801796265
NODE#424313018,1,6.645289999999998,6.593683066405795
NODE#424313022,1,6.710739999999999,6.657563834958204
NODE#433296879,1,5.58436,5.540627930262846
NODE#433297643,1,5.25621,5.21886929125618
NODE#433298263,1,5.18606,5.149470640634084
NODE#433298264,1,5.23977,5.212347092631084
NODE#433298383,1,5.16664,5.139652055550737
NODE#433298573,1,4.61628,4.595073770714007
NODE#433298604,1,7.86423,7.809474000016411
NODE#433298739,1,4.76283,4.739103926771315
NODE#433298914,1,4.78212,4.757397016137411
NODE#433298918,1,7.56072,7.510931163792351
NODE#433298919,1,7.5923,7.541725109622742
NODE#433470798,3,7.894900000000001,7.779723228856646
NODE#433470858,1,6.57012,6.534065794092572
NODE#433470943,1,3.196179999999999,3.185460447990107
NODE#433470953,2,3.585409999999999,3.131205135823886
NODE#433470988,1,3.627499999999999,3.6132866280279754
NODE#433471004,2,3.659159999999999,3.138301808025352
NODE#433471159,2,5.00206,4.758804367535929
NODE#433471163,1,7.307869999999999,7.244086955899361
NODE#433471319,1,4.03891,4.019587516666518
NODE#433471359,1,6.67715,6.628237477448668
NODE#433471373,1,4.146889999999999,4.126561647155365
NODE#433471389,1,7.21758,7.157343928896225
NODE#433471424,1,3.874609999999999,3.8579577937720586
NODE#433471583,1,7.08969,7.033270154392624
NODE#433471648,1,8.332889999999999,8.24822694650978
NODE#433471649,1,8.36118,8.274481652218686
NODE#433471813,1,7.7689,7.719732872976476
NODE#433471903,2,5.945669999999999,5.667851652702142
NODE#433472213,2,7.41272,7.281513308194934
NODE#433472219,1,7.459020000000001,7.4092794606446
NODE#433472239,2,7.52036,7.289413056157639
NODE#433472249,2,6.188489999999999,5.68890210467431
NODE#433472273,2,6.049719999999999,5.676362874569266
NODE#433472318,2,5.838819999999999,5.707130128888813
NODE#433472319,2,5.879429999999999,5.710532033519348
NODE#433472419,3,8.024830000000001,7.791828729937703
NODE#433472689,2,8.31469,8.075087980309801
NODE#433472718,1,8.077340000000001,8.01439004434541
NODE#433472719,1,8.097460000000002,8.007296177982909
NODE#433472744,1,5.69206,5.658369863703246
NODE#433472879,1,4.589429999999999,4.570900634089976
NODE#433473032,2,3.660269999999999,3.1032483169603
NODE#433473033,2,3.745709999999999,3.1658744090368325
NODE#433473112,1,8.04949,7.96605397700575
NODE#433473177,1,6.28697,6.241093390460684
NODE#433473272,3,6.203669999999999,5.893295481273639
NODE#433473312,1,6.24355,6.1989290855144175
NODE#433473407,2,8.144400000000001,7.952786649171897
NODE#433473492,1,6.02722,5.987583701680387
NODE#433473497,1,5.98281,5.943294157688074
NODE#433473503,1,6.0005299999999995,5.971292367189436
NODE#433473788,1,7.148459999999999,7.103154064471191
NODE#433473807,1,6.985989999999999,6.9423653340404705
NODE#433474013,2,4.6818599999999995,4.583435579458606
NODE#433474377,1,6.9184899999999985,6.873761157332307
NODE#433474378,1,6.8961299999999985,6.8500406205449105
NODE#433474382,1,6.518589999999999,6.479870836178483
NODE#433474383,1,6.548419999999998,6.509420532507102
NODE#433474482,1,6.8725299999999985,6.827701638973957
NODE#433474647,1,6.789299999999999,6.744937122970359
NODE#433474657,1,6.697739999999999,6.6554044252809765
NODE#433474663,1,6.714739999999999,6.672248029079326
NODE#433474943,1,6.619989999999999,6.5636923905542695
NODE#433642874,1,6.740239999999999,6.680819976840735
NODE#433642918,1,6.272629999999999,6.224426041659693
NODE#434600282,1,5.6594,5.624267886738093
NODE#434600283,1,5.68631,5.651338209033816
NODE#434600303,1,5.861879999999999,5.82407397119364
NODE#434600393,2,4.19727,3.962810087104514
NODE#434600423,1,6.1794199999999995,6.140646390389609
NODE#434600447,1,7.73279,7.662436981892596
NODE#434600717,1,0.39307,0.38473165528392933
NODE#434602944,1,7.173539999999999,7.110794600990694
NODE#434807045,1,4.9571,4.924548107079883
NODE#434807180,1,4.329659999999999,4.311774470590804
NODE#434807181,1,4.365009999999999,4.346600233819045
NODE#434807211,1,4.509829999999999,4.489729302217848
NODE#434807366,2,5.26457,4.403122088610513
NODE#434807426,1,2.7675899999999993,2.757870768621231
NODE#434807435,1,7.67088,7.618504450590375
NODE#434807516,1,4.543799999999999,4.52239844087561
NODE#434807531,1,4.67106,4.64830267573463
NODE#434807535,1,4.5800399999999994,4.558131071698266
NODE#439761896,1,0.9244999999999999,0.9150208171883909
NODE#439762066,1,1.19665,1.1856498280367194
NODE#439763061,1,5.61598,5.5802584075656805
NODE#439763635,1,4.38043,4.3637140151894975
NODE#439763715,1,4.50371,4.486264824836955
NODE#442243318,1,0.053059999999999996,0.044806044231391055
NODE#442497626,1,5.6672899999999995,5.6350107757025905
NODE#442497631,1,4.249119999999999,4.226786611577547
NODE#442497632,1,4.289639999999999,4.26702243783737
NODE#442497646,1,6.44497,6.401397633678338
NODE#442497677,1,3.5973599999999992,3.584021527108351
NODE#442497686,1,6.145409999999999,6.1073498825187
NODE#442497692,1,6.084479999999999,6.0476833309810125
NODE#442497697,1,6.046899999999999,6.010814961999417
NODE#442497727,1,5.896199999999999,5.861852879084636
NODE#442497746,1,3.284889999999999,3.273706112095144
NODE#442497747,1,3.322969999999999,3.3114955749731116
NODE#442497752,1,6.50003,6.467138471610843
NODE#442497782,1,6.5923799999999995,6.557100838565593
NODE#442497906,1,5.69931,5.674343361183819
NODE#442497917,1,5.727609999999999,5.701811388546995
NODE#442498027,1,7.2353499999999995,7.190602560819516
NODE#442498126,1,6.793489999999999,6.754937048238568
NODE#442498157,1,3.254409999999999,3.2432317657675784
NODE#442498247,1,6.313759999999999,6.281150936553429
NODE#442898403,1,6.27899,6.242696528495817
NODE#442899901,1,5.01101,4.991126842926542
NODE#442900187,1,6.28121,6.215630585517706
NODE#444894785,1,0.8689199999999999,0.860416768102208
NODE#444896747,1,1.3430300000000002,1.3342545083103967
NODE#444896762,1,1.27896,1.2702248376104155
NODE#444896763,1,1.2477,1.2389863563881314
NODE#444955624,1,5.37074,5.329448177114858
NODE#444955668,1,5.21021,5.172750611397958
NODE#444955884,1,4.99456,4.961306383063563
NODE#444955889,1,5.08376,5.048831057307856
NODE#444956008,1,7.63999,7.572585753435899
NODE#444956059,1,7.84489,7.772667605500501
NODE#444956393,1,7.7525,7.681593354635685
NODE#444956399,1,7.761100000000001,7.71206107195123
NODE#444956499,1,5.03897,5.013470294281333
NODE#444956544,1,5.19433,5.166478313120757
NODE#444956603,1,5.08066,5.052969026142623
NODE#444956604,1,5.12457,5.096402589452497
NODE#444956724,1,5.2168,5.186351764717278
NODE#444956789,1,5.370290000000001,5.338437068763347
NODE#444957008,1,4.88024,4.8549933773784515
NODE#445009331,2,3.306269999999999,3.2368927716024043
NODE#445009337,1,6.53503,6.49951949324265
NODE#445009506,2,3.498429999999999,3.1641299979784168
NODE#445009507,2,3.509829999999999,3.159836873405093
NODE#445009512,2,3.525339999999999,3.1538184606701383
NODE#445009587,1,4.482129999999999,4.45501752784212
NODE#445009607,1,6.64769,6.597640494497531
NODE#445009746,1,3.168869999999999,3.157559740484229
NODE#445009957,2,3.5775099999999993,3.1344514443641294
NODE#445009961,1,6.80933,6.757517342135129
NODE#445010091,1,6.215069999999999,6.17525255174512
NODE#445010191,2,3.806539999999999,3.143131255293268
NODE#445010192,2,3.946899999999999,3.090350173068617
NODE#445010272,2,4.235379999999999,2.9819582230989203
NODE#445010391,1,7.74323,7.6714161508036405
NODE#445010502,1,7.18121,7.122054430473781
NODE#445010512,1,5.19391,5.16700970472129
NODE#445010637,1,5.32456,5.295629710944403
NODE#445010711,1,7.52874,7.479919836030446
NODE#445010712,1,7.56974,7.518049250737945
NODE#445010727,1,6.281399999999999,6.249652556010603
NODE#445010762,1,8.39943,8.329325451368248
NODE#445010782,1,6.349879999999999,6.3167932126776645
NODE#445010792,1,7.28202,7.234908258071965
NODE#445010976,1,8.220650000000001,8.155040504316982
NODE#445010992,1,7.99079,7.929223080364957
NODE#445011032,2,6.035069999999999,5.443270418461488
NODE#445011037,1,7.35002,7.3010003548844375
NODE#445011077,2,6.0253999999999985,5.634132541423024
NODE#445011107,2,6.170099999999998,5.5802127843307865
NODE#445011352,1,5.03153,5.006097886521088
NODE#445011432,1,5.1638,5.1362620018491345
NODE#445011447,2,5.28287,4.525321694629987
NODE#445011547,2,6.241069999999998,5.554957723422999
NODE#445011621,1,7.87803,7.8005952696781025
NODE#445011771,1,6.41916,6.375942175473077
NODE#445011831,1,7.9545699999999995,7.772635868759094
NODE#445011866,2,8.35469,8.061076067295938
NODE#445011875,1,4.87815,4.856694805533513
NODE#445011950,1,4.240469999999999,4.2249476549453755
NODE#445012056,1,4.73462,4.718635269520362
NODE#445012146,2,6.070619999999998,5.6204836041951935
NODE#445012251,3,6.293409999999999,5.868853646792325
NODE#445012260,3,6.086689999999999,5.944217399188845
NODE#445012600,1,7.481589999999999,7.4268475025928735
NODE#445012806,1,5.67284,5.645466333474687
NODE#445012811,1,5.550509999999999,5.525328528143238
NODE#445055941,1,7.063959999999999,7.016367361618096
NODE#445056380,1,6.868239999999999,6.823486238985981
NODE#534875323,1,1.3497400000000002,1.3377102437474617
NODE#534875324,1,1.2985,1.2897220260251663
NODE#534876953,1,5.699739999999999,5.674045291046637
NODE#535524313,1,2.7107699999999992,2.700602580804971
NODE#535524517,1,1.6117000000000001,1.602737799993062
NODE#535524538,1,4.589929999999999,4.5713924615177675
NODE#535524539,1,6.45897,6.406167618966556
NODE#536849755,1,4.5434399999999995,4.516510892645868
NODE#536850935,1,7.787489999999999,7.70530994366461
NODE#537292171,1,3.1695599999999993,3.1582024377834115
NODE#537936452,1,1.8498700000000001,1.840737583124903
NODE#537936510,1,4.693989999999999,4.675087620276823
NODE#537936980,1,0.8015199999999999,0.7925515517393423
NODE#728593105,1,8.37412,8.288352499433849
NODE#728593106,1,8.37461,8.28757779149959
NODE#728593131,1,8.37435,8.315235398113755
NODE#728593187,1,8.38435,8.32429467504154
NODE#829725397,1,5.605689999999999,5.581111547355809
NODE#910289390,1,2.14139,2.132306567966927
NODE#910289402,1,2.12498,2.115904393755104
NODE#994575320,1,4.648909999999999,4.633276536070562
SEGM#194790109,1,0.001,-0.007223791406722018
