barra_falta,n_folhas,n_validas,folha_correta_valida,erro_km_correto
100#1086940520,34,6,True,-0.0586378650620869
100#1087223788,34,5,True,-0.06783824179390141
100#351815192,34,32,True,-0.008941385098545696
NODE#1023251613,34,9,True,-0.043485637638767116
NODE#118744227,34,14,True,-0.022814576559943234
NODE#1194264563,34,1,True,-0.05897056292731939
NODE#124637383,34,4,True,-0.051696782862946655
NODE#125828784,34,21,True,-0.014250424745611667
NODE#127325960,34,10,True,-0.029301179492659202
NODE#127688187,34,11,True,-0.027781531104296597
NODE#127690257,34,7,True,-0.03999088738182177
NODE#190549085,34,15,True,-0.022449229906780666
NODE#190549115,34,23,True,-0.01066967018935605
NODE#2566408162,34,32,True,-0.009007947102833036
NODE#424245027,34,27,True,-0.008999745628513578
NODE#433298914,34,16,True,-0.024816210285034224
NODE#442243318,34,33,True,-0.008253890455808086
NODE#444956399,34,3,True,-0.04937638067798211
NODE#534875323,34,28,True,-0.012055167272222667
NODE#534875324,34,29,True,-0.00877871002838626
NODE#534876953,34,12,True,-0.0258120597061664
NODE#535524313,34,24,True,-0.01016886426842456
NODE#535524517,34,26,True,-0.008962381307977774
NODE#535524538,34,19,True,-0.018596526167403482
NODE#535524539,34,8,True,-0.05305512172829818
NODE#536849755,34,20,True,-0.027005912240412933
NODE#536850935,34,3,True,-0.08258919808573317
NODE#537292171,34,22,True,-0.01136071773178804
NODE#537936452,34,25,True,-0.009131865940952055
NODE#537936510,34,17,True,-0.0189682162264333
NODE#537936980,34,31,True,-0.008971346247807377
NODE#829725397,34,13,True,-0.02472742899818936
NODE#994575320,34,18,True,-0.015691617843706318
SEGM#194790109,34,0,False,-0.008223559625869237
